ISO3,variable,value,rn
SWE,1998,1.74179,1
DEU,1998,1.72571,2
CHE,1998,1.71001,3
JPN,1998,1.70452,4
USA,1998,1.66236,5
GBR,1998,1.61144,6
FIN,1998,1.58572,7
FRA,1998,1.41497,8
AUT,1998,1.40227,9
IRL,1998,1.36935,10
NLD,1998,1.24193,11
CAN,1998,1.1612,12
DNK,1998,1.12812,13
ITA,1998,1.12517,14
NOR,1998,1.05778,15
ISR,1998,1.04529,16
CZE,1998,0.99384,17
SVN,1998,0.97099,18
ESP,1998,0.93675,19
NZL,1998,0.78209,20
SVK,1998,0.7375,21
RUS,1998,0.70816,22
BLR,1998,0.69806,23
BRA,1998,0.68257,24
UKR,1998,0.67181,25
SGP,1998,0.61439,26
AUS,1998,0.61068,27
HUN,1998,0.57209,28
TWN,1998,0.55141,29
POL,1998,0.52941,30
ZAF,1998,0.51903,31
KOR,1998,0.4723,32
MEX,1998,0.41558,33
HRV,1998,0.35739,34
ARG,1998,0.34638,35
URY,1998,0.33951,36
KAZ,1998,0.31299,37
JOR,1998,0.29914,38
SAU,1998,0.28963,39
CHL,1998,0.27947,40
GRC,1998,0.13995,41
VEN,1998,0.10427,42
BGR,1998,0.09695,43
ROU,1998,0.08018,44
LTU,1998,0.06275,45
PRT,1998,0.02505,46
COD,1998,0.0,47
TCD,1998,0.0,48
CUB,1998,0.0,49
LAO,1998,0.0,50
MLI,1998,0.0,51
TGO,1998,0.0,52
BEN,1998,0.0,53
COG,1998,0.0,54
NER,1998,0.0,55
SDN,1998,0.0,56
YEM,1998,0.0,57
GIN,1998,0.0,58
MWI,1998,0.0,59
RWA,1998,0.0,60
SRB,1998,0.0,61
UGA,1998,0.0,62
ZMB,1998,0.0,63
ALB,1998,0.0,64
ARM,1998,0.0,65
BEL,1998,0.0,66
BOL,1998,0.0,67
GEO,1998,0.0,68
LBN,1998,0.0,69
LBR,1998,0.0,70
MDA,1998,0.0,71
MMR,1998,0.0,72
NAM,1998,0.0,73
SEN,1998,0.0,74
BWA,1998,0.0,75
KHM,1998,0.0,76
ETH,1998,0.0,77
MNG,1998,0.0,78
PRY,1998,0.0,79
TZA,1998,0.0,80
NIC,1998,0.0,81
AZE,1998,0.0,82
KGZ,1998,0.0,83
MDG,1998,0.0,84
MRT,1998,0.0,85
MOZ,1998,0.0,86
TJK,1998,0.0,87
AFG,1998,0.0,88
PRK,1998,0.0,89
SSD,1998,0.0,90
BFA,1998,0.0,91
SLE,1998,0.0,92
TKM,1998,0.0,93
PNG,1998,0.0,94
BIH,1998,0.0,95
COL,1998,-0.02087,96
TUR,1998,-0.10858,97
MKD,1998,-0.1185,98
IND,1998,-0.12125,99
KEN,1998,-0.13119,100
UZB,1998,-0.13333,101
IRN,1998,-0.18174,102
MYS,1998,-0.20781,103
CRI,1998,-0.23262,104
ZWE,1998,-0.25708,105
SLV,1998,-0.29927,106
HKG,1998,-0.31958,107
CHN,1998,-0.37806,108
PAN,1998,-0.41628,109
GTM,1998,-0.42244,110
PER,1998,-0.46927,111
THA,1998,-0.47594,112
KWT,1998,-0.55656,113
EGY,1998,-0.65302,114
ECU,1998,-0.66847,115
IDN,1998,-0.81195,116
OMN,1998,-0.84096,117
ARE,1998,-0.84436,118
TUN,1998,-0.87525,119
PHL,1998,-0.90057,120
JAM,1998,-0.90599,121
DOM,1998,-0.94235,122
HND,1998,-0.95336,123
MAR,1998,-1.0313,124
DZA,1998,-1.0318,125
LBY,1998,-1.09005,126
GAB,1998,-1.1786,127
SYR,1998,-1.21889,128
GHA,1998,-1.23346,129
AGO,1998,-1.2494,130
LKA,1998,-1.34268,131
CIV,1998,-1.348,132
VNM,1998,-1.35722,133
PAK,1998,-1.37995,134
BGD,1998,-1.67947,135
CMR,1998,-1.79154,136
QAT,1998,-1.8081,137
NGA,1998,-2.33168,138
IRQ,1998,-2.56914,139
CHE,1999,1.74162,1
DEU,1999,1.72886,2
JPN,1999,1.70134,3
SWE,1999,1.69983,4
USA,1999,1.63405,5
GBR,1999,1.61206,6
FIN,1999,1.57948,7
AUT,1999,1.46653,8
IRL,1999,1.4321,9
FRA,1999,1.38614,10
NLD,1999,1.22644,11
DNK,1999,1.20691,12
BEL,1999,1.17614,13
ITA,1999,1.15106,14
ISR,1999,1.06638,15
CAN,1999,1.05626,16
CZE,1999,1.0181,17
SVN,1999,1.00962,18
NOR,1999,0.99508,19
ESP,1999,0.95829,20
SVK,1999,0.72937,21
NZL,1999,0.71855,22
SGP,1999,0.71409,23
TWN,1999,0.67209,24
HUN,1999,0.65056,25
RUS,1999,0.61832,26
BLR,1999,0.60157,27
BRA,1999,0.59418,28
UKR,1999,0.55711,29
AUS,1999,0.54943,30
KOR,1999,0.53892,31
POL,1999,0.53278,32
MEX,1999,0.456,33
JOR,1999,0.44966,34
HRV,1999,0.38541,35
ZAF,1999,0.35053,36
URY,1999,0.3402,37
ARG,1999,0.31044,38
GRC,1999,0.1991,39
CHL,1999,0.13463,40
BGR,1999,0.11815,41
LTU,1999,0.08569,42
PRT,1999,0.07369,43
COD,1999,0.0,44
TCD,1999,0.0,45
LAO,1999,0.0,46
MLI,1999,0.0,47
TGO,1999,0.0,48
BEN,1999,0.0,49
COG,1999,0.0,50
NER,1999,0.0,51
SDN,1999,0.0,52
YEM,1999,0.0,53
GIN,1999,0.0,54
MWI,1999,0.0,55
RWA,1999,0.0,56
SRB,1999,0.0,57
UGA,1999,0.0,58
ZMB,1999,0.0,59
ALB,1999,0.0,60
ARM,1999,0.0,61
BOL,1999,0.0,62
GEO,1999,0.0,63
LBN,1999,0.0,64
LBR,1999,0.0,65
MDA,1999,0.0,66
MMR,1999,0.0,67
NAM,1999,0.0,68
SEN,1999,0.0,69
BWA,1999,0.0,70
KHM,1999,0.0,71
ETH,1999,0.0,72
MNG,1999,0.0,73
PRY,1999,0.0,74
TZA,1999,0.0,75
NIC,1999,0.0,76
AZE,1999,0.0,77
KGZ,1999,0.0,78
MDG,1999,0.0,79
MRT,1999,0.0,80
MOZ,1999,0.0,81
TJK,1999,0.0,82
AFG,1999,0.0,83
PRK,1999,0.0,84
SSD,1999,0.0,85
BFA,1999,0.0,86
SLE,1999,0.0,87
TKM,1999,0.0,88
MKD,1999,0.0,89
BIH,1999,0.0,90
ROU,1999,-0.01845,91
SAU,1999,-0.02953,92
COL,1999,-0.04187,93
MYS,1999,-0.05826,94
TUR,1999,-0.05893,95
CUB,1999,-0.0616,96
VEN,1999,-0.08845,97
IND,1999,-0.11125,98
KAZ,1999,-0.11935,99
CRI,1999,-0.16388,100
UZB,1999,-0.17046,101
KEN,1999,-0.18087,102
HKG,1999,-0.1941,103
SLV,1999,-0.22044,104
CHN,1999,-0.30711,105
ZWE,1999,-0.3369,106
PAN,1999,-0.34423,107
THA,1999,-0.34681,108
IRN,1999,-0.39232,109
GTM,1999,-0.45702,110
PER,1999,-0.52466,111
KWT,1999,-0.54849,112
EGY,1999,-0.62194,113
IDN,1999,-0.69654,114
ECU,1999,-0.70484,115
TUN,1999,-0.72713,116
PHL,1999,-0.76169,117
ARE,1999,-0.78902,118
JAM,1999,-0.80463,119
DOM,1999,-0.8054,120
HND,1999,-0.83561,121
LBY,1999,-0.83997,122
OMN,1999,-0.84832,123
DZA,1999,-0.87803,124
MAR,1999,-0.9608,125
SYR,1999,-1.11267,126
VNM,1999,-1.20349,127
GAB,1999,-1.22986,128
LKA,1999,-1.24787,129
GHA,1999,-1.24873,130
PAK,1999,-1.25403,131
CIV,1999,-1.40184,132
QAT,1999,-1.58453,133
BGD,1999,-1.61586,134
PNG,1999,-1.77038,135
CMR,1999,-1.7768,136
AGO,1999,-1.93746,137
NGA,1999,-1.95509,138
IRQ,1999,-2.83921,139
JPN,2000,1.81473,1
DEU,2000,1.76811,2
CHE,2000,1.76355,3
SWE,2000,1.72653,4
USA,2000,1.67043,5
GBR,2000,1.67043,6
FIN,2000,1.60894,7
AUT,2000,1.48686,8
IRL,2000,1.46898,9
FRA,2000,1.39122,10
NLD,2000,1.26373,11
BEL,2000,1.23876,12
DNK,2000,1.21114,13
ISR,2000,1.20164,14
ITA,2000,1.19383,15
CZE,2000,1.07512,16
SVN,2000,1.06494,17
CAN,2000,1.04991,18
ESP,2000,1.00977,19
NOR,2000,0.97719,20
SGP,2000,0.88265,21
TWN,2000,0.84183,22
SVK,2000,0.73671,23
HUN,2000,0.71021,24
NZL,2000,0.65393,25
RUS,2000,0.65126,26
BLR,2000,0.6068,27
BRA,2000,0.59924,28
UKR,2000,0.59629,29
POL,2000,0.59599,30
KOR,2000,0.58847,31
MEX,2000,0.57832,32
AUS,2000,0.54383,33
ZAF,2000,0.44913,34
HRV,2000,0.3678,35
ARG,2000,0.35453,36
URY,2000,0.31224,37
JOR,2000,0.28978,38
GRC,2000,0.21947,39
PRT,2000,0.17904,40
BGR,2000,0.15265,41
CHL,2000,0.07436,42
LTU,2000,0.07208,43
ROU,2000,0.06752,44
MYS,2000,0.05696,45
SAU,2000,0.04039,46
TUR,2000,0.01766,47
COD,2000,0.0,48
TCD,2000,0.0,49
LAO,2000,0.0,50
MLI,2000,0.0,51
TGO,2000,0.0,52
BEN,2000,0.0,53
NER,2000,0.0,54
SDN,2000,0.0,55
GIN,2000,0.0,56
MWI,2000,0.0,57
RWA,2000,0.0,58
SRB,2000,0.0,59
UGA,2000,0.0,60
ZMB,2000,0.0,61
ALB,2000,0.0,62
ARM,2000,0.0,63
GEO,2000,0.0,64
LBN,2000,0.0,65
LBR,2000,0.0,66
MDA,2000,0.0,67
MMR,2000,0.0,68
NAM,2000,0.0,69
SEN,2000,0.0,70
BWA,2000,0.0,71
KHM,2000,0.0,72
ETH,2000,0.0,73
MNG,2000,0.0,74
TZA,2000,0.0,75
NIC,2000,0.0,76
AZE,2000,0.0,77
KGZ,2000,0.0,78
MDG,2000,0.0,79
MRT,2000,0.0,80
MOZ,2000,0.0,81
TJK,2000,0.0,82
AFG,2000,0.0,83
PRK,2000,0.0,84
SSD,2000,0.0,85
BFA,2000,0.0,86
SLE,2000,0.0,87
TKM,2000,0.0,88
BIH,2000,0.0,89
HKG,2000,-0.01691,90
COL,2000,-0.03556,91
IND,2000,-0.03654,92
MKD,2000,-0.05767,93
CRI,2000,-0.08041,94
VEN,2000,-0.09329,95
CHN,2000,-0.11505,96
CUB,2000,-0.15689,97
KEN,2000,-0.19566,98
THA,2000,-0.19842,99
UZB,2000,-0.23288,100
PAN,2000,-0.2408,101
KAZ,2000,-0.24111,102
BOL,2000,-0.28605,103
ZWE,2000,-0.3088,104
SLV,2000,-0.32146,105
GTM,2000,-0.3925,106
PRY,2000,-0.45811,107
IRN,2000,-0.46084,108
EGY,2000,-0.54593,109
PER,2000,-0.54757,110
IDN,2000,-0.57037,111
TUN,2000,-0.57403,112
PHL,2000,-0.57507,113
KWT,2000,-0.63052,114
DOM,2000,-0.66478,115
JAM,2000,-0.68622,116
ARE,2000,-0.70895,117
OMN,2000,-0.71167,118
ECU,2000,-0.74953,119
MAR,2000,-0.82539,120
HND,2000,-0.87647,121
VNM,2000,-0.97548,122
DZA,2000,-0.99138,123
GAB,2000,-1.00385,124
CIV,2000,-1.03011,125
SYR,2000,-1.05842,126
LKA,2000,-1.07916,127
PAK,2000,-1.13638,128
QAT,2000,-1.19455,129
LBY,2000,-1.28092,130
GHA,2000,-1.3532,131
BGD,2000,-1.46775,132
COG,2000,-1.48479,133
YEM,2000,-1.70698,134
PNG,2000,-1.77181,135
CMR,2000,-1.78568,136
AGO,2000,-1.94784,137
NGA,2000,-2.46871,138
IRQ,2000,-2.5625,139
JPN,2001,1.83825,1
DEU,2001,1.76724,2
CHE,2001,1.74853,3
SWE,2001,1.72596,4
GBR,2001,1.69101,5
USA,2001,1.63531,6
FIN,2001,1.59679,7
IRL,2001,1.49731,8
AUT,2001,1.47099,9
FRA,2001,1.40184,10
NLD,2001,1.28877,11
BEL,2001,1.25334,12
ITA,2001,1.21468,13
CZE,2001,1.15042,14
DNK,2001,1.13814,15
ISR,2001,1.13353,16
SVN,2001,1.09752,17
CAN,2001,1.0698,18
ESP,2001,1.02057,19
NOR,2001,1.0115,20
TWN,2001,0.97569,21
SGP,2001,0.97545,22
SVK,2001,0.80432,23
HUN,2001,0.78861,24
KOR,2001,0.71985,25
NZL,2001,0.71398,26
RUS,2001,0.71056,27
MEX,2001,0.66867,28
POL,2001,0.6147,29
UKR,2001,0.60498,30
BRA,2001,0.58594,31
BLR,2001,0.57785,32
AUS,2001,0.48164,33
ARG,2001,0.4141,34
ZAF,2001,0.39696,35
URY,2001,0.36409,36
HRV,2001,0.35415,37
MYS,2001,0.27554,38
JOR,2001,0.26783,39
GRC,2001,0.2614,40
PRT,2001,0.22722,41
SAU,2001,0.21776,42
BGR,2001,0.14438,43
AZE,2001,0.12366,44
IND,2001,0.09485,45
ROU,2001,0.09127,46
LTU,2001,0.0856,47
CHL,2001,0.08021,48
COL,2001,0.06809,49
HKG,2001,0.05435,50
CRI,2001,0.04611,51
TUR,2001,0.02247,52
COD,2001,0.0,53
TCD,2001,0.0,54
LAO,2001,0.0,55
MLI,2001,0.0,56
TGO,2001,0.0,57
BEN,2001,0.0,58
NER,2001,0.0,59
GIN,2001,0.0,60
MWI,2001,0.0,61
RWA,2001,0.0,62
SRB,2001,0.0,63
UGA,2001,0.0,64
ZMB,2001,0.0,65
ALB,2001,0.0,66
ARM,2001,0.0,67
GEO,2001,0.0,68
LBN,2001,0.0,69
LBR,2001,0.0,70
MDA,2001,0.0,71
NAM,2001,0.0,72
SEN,2001,0.0,73
ETH,2001,0.0,74
MNG,2001,0.0,75
TZA,2001,0.0,76
NIC,2001,0.0,77
KGZ,2001,0.0,78
MDG,2001,0.0,79
MRT,2001,0.0,80
MOZ,2001,0.0,81
TJK,2001,0.0,82
AFG,2001,0.0,83
PRK,2001,0.0,84
SSD,2001,0.0,85
BFA,2001,0.0,86
SLE,2001,0.0,87
MKD,2001,0.0,88
BIH,2001,0.0,89
CHN,2001,-0.00902,90
THA,2001,-0.10748,91
VEN,2001,-0.11221,92
KAZ,2001,-0.12275,93
KEN,2001,-0.19152,94
CUB,2001,-0.20053,95
BWA,2001,-0.23004,96
PAN,2001,-0.24673,97
UZB,2001,-0.27179,98
BOL,2001,-0.28565,99
KWT,2001,-0.29662,100
SLV,2001,-0.33811,101
ZWE,2001,-0.34166,102
IRN,2001,-0.37147,103
TUN,2001,-0.37429,104
GTM,2001,-0.42629,105
IDN,2001,-0.44427,106
PHL,2001,-0.45667,107
PER,2001,-0.50225,108
ARE,2001,-0.50265,109
EGY,2001,-0.50831,110
OMN,2001,-0.52497,111
DOM,2001,-0.54903,112
PRY,2001,-0.57923,113
JAM,2001,-0.60984,114
ECU,2001,-0.69636,115
CIV,2001,-0.72304,116
DZA,2001,-0.7626,117
LBY,2001,-0.77961,118
MAR,2001,-0.78178,119
VNM,2001,-0.82076,120
SDN,2001,-0.8564,121
SYR,2001,-0.87098,122
HND,2001,-0.8761,123
QAT,2001,-0.88294,124
LKA,2001,-0.97807,125
PAK,2001,-1.12043,126
GHA,2001,-1.15422,127
TKM,2001,-1.20055,128
GAB,2001,-1.28316,129
COG,2001,-1.3919,130
MMR,2001,-1.39702,131
BGD,2001,-1.45935,132
YEM,2001,-1.47122,133
KHM,2001,-1.49801,134
CMR,2001,-1.61662,135
PNG,2001,-1.7617,136
AGO,2001,-1.93681,137
NGA,2001,-2.26295,138
IRQ,2001,-3.37785,139
JPN,2002,1.97613,1
DEU,2002,1.92295,2
CHE,2002,1.89721,3
SWE,2002,1.84118,4
GBR,2002,1.75742,5
USA,2002,1.73865,6
FIN,2002,1.71183,7
IRL,2002,1.63949,8
AUT,2002,1.59138,9
FRA,2002,1.48325,10
NLD,2002,1.3411,11
BEL,2002,1.33441,12
CZE,2002,1.29796,13
ISR,2002,1.29478,14
ITA,2002,1.25387,15
DNK,2002,1.18888,16
SVN,2002,1.15197,17
TWN,2002,1.11757,18
CAN,2002,1.10545,19
SGP,2002,1.09637,20
ESP,2002,1.02143,21
HUN,2002,0.87247,22
SVK,2002,0.87091,23
KOR,2002,0.86503,24
NOR,2002,0.84403,25
MEX,2002,0.75839,26
NZL,2002,0.67986,27
RUS,2002,0.67475,28
POL,2002,0.66416,29
BRA,2002,0.61949,30
BLR,2002,0.59356,31
UKR,2002,0.58885,32
MYS,2002,0.47587,33
ZAF,2002,0.42508,34
AUS,2002,0.40829,35
ARG,2002,0.37989,36
HRV,2002,0.34431,37
URY,2002,0.29062,38
GRC,2002,0.23973,39
SAU,2002,0.20218,40
PRT,2002,0.17473,41
JOR,2002,0.16914,42
BGR,2002,0.11904,43
HKG,2002,0.10436,44
COL,2002,0.06554,45
IND,2002,0.05945,46
LTU,2002,0.00676,47
COD,2002,0.0,48
TCD,2002,0.0,49
LAO,2002,0.0,50
MLI,2002,0.0,51
TGO,2002,0.0,52
BEN,2002,0.0,53
NER,2002,0.0,54
GIN,2002,0.0,55
MWI,2002,0.0,56
RWA,2002,0.0,57
SRB,2002,0.0,58
UGA,2002,0.0,59
ZMB,2002,0.0,60
ALB,2002,0.0,61
ARM,2002,0.0,62
GEO,2002,0.0,63
LBN,2002,0.0,64
LBR,2002,0.0,65
MDA,2002,0.0,66
SEN,2002,0.0,67
ETH,2002,0.0,68
MNG,2002,0.0,69
TZA,2002,0.0,70
NIC,2002,0.0,71
KGZ,2002,0.0,72
MDG,2002,0.0,73
MRT,2002,0.0,74
MOZ,2002,0.0,75
TJK,2002,0.0,76
AFG,2002,0.0,77
PRK,2002,0.0,78
SSD,2002,0.0,79
BFA,2002,0.0,80
SLE,2002,0.0,81
MKD,2002,0.0,82
BIH,2002,0.0,83
ROU,2002,-0.00227,84
TUR,2002,-0.02464,85
CRI,2002,-0.02817,86
CHN,2002,-0.04205,87
AZE,2002,-0.06351,88
THA,2002,-0.06838,89
CHL,2002,-0.07443,90
VEN,2002,-0.10057,91
KAZ,2002,-0.28469,92
KEN,2002,-0.31393,93
PAN,2002,-0.33305,94
PHL,2002,-0.34663,95
NAM,2002,-0.34705,96
TUN,2002,-0.36273,97
UZB,2002,-0.37631,98
ZWE,2002,-0.38068,99
SLV,2002,-0.42101,100
KWT,2002,-0.43727,101
GTM,2002,-0.44492,102
CUB,2002,-0.45196,103
IDN,2002,-0.4776,104
OMN,2002,-0.48584,105
IRN,2002,-0.5082,106
ARE,2002,-0.51357,107
PER,2002,-0.53146,108
EGY,2002,-0.55018,109
BWA,2002,-0.55083,110
BOL,2002,-0.59162,111
DOM,2002,-0.60391,112
PRY,2002,-0.64445,113
JAM,2002,-0.65385,114
CIV,2002,-0.7063,115
QAT,2002,-0.73252,116
VNM,2002,-0.8631,117
SDN,2002,-0.87051,118
ECU,2002,-0.88392,119
SYR,2002,-0.88605,120
MAR,2002,-0.92086,121
LBY,2002,-0.95607,122
DZA,2002,-1.0155,123
HND,2002,-1.05616,124
TKM,2002,-1.07927,125
LKA,2002,-1.08477,126
PAK,2002,-1.20869,127
PNG,2002,-1.29766,128
IRQ,2002,-1.3045,129
CMR,2002,-1.32825,130
GHA,2002,-1.43161,131
YEM,2002,-1.52078,132
MMR,2002,-1.5609,133
GAB,2002,-1.58436,134
BGD,2002,-1.59137,135
NGA,2002,-1.62055,136
KHM,2002,-1.64601,137
COG,2002,-1.76073,138
AGO,2002,-2.33352,139
JPN,2003,2.01152,1
DEU,2003,1.95576,2
CHE,2003,1.91889,3
SWE,2003,1.79739,4
GBR,2003,1.76697,5
USA,2003,1.73246,6
FIN,2003,1.70108,7
IRL,2003,1.67299,8
AUT,2003,1.57197,9
FRA,2003,1.52553,10
BEL,2003,1.3608,11
CZE,2003,1.32628,12
NLD,2003,1.31364,13
ITA,2003,1.23477,14
SVN,2003,1.22547,15
ISR,2003,1.21879,16
TWN,2003,1.20325,17
DNK,2003,1.17935,18
SGP,2003,1.17524,19
CAN,2003,1.06186,20
ESP,2003,0.98337,21
HUN,2003,0.94796,22
KOR,2003,0.91276,23
SVK,2003,0.87455,24
MEX,2003,0.82303,25
NOR,2003,0.78225,26
POL,2003,0.67537,27
RUS,2003,0.63928,28
BLR,2003,0.63654,29
NZL,2003,0.58709,30
UKR,2003,0.5863,31
BRA,2003,0.58295,32
MYS,2003,0.4766,33
ZAF,2003,0.39414,34
HRV,2003,0.35734,35
ARG,2003,0.28885,36
AUS,2003,0.28266,37
GRC,2003,0.23876,38
SAU,2003,0.18326,39
PRT,2003,0.14809,40
URY,2003,0.14172,41
HKG,2003,0.11151,42
IND,2003,0.06834,43
BGR,2003,0.06746,44
ROU,2003,0.04146,45
CRI,2003,0.03772,46
JOR,2003,0.0178,47
COD,2003,0.0,48
TCD,2003,0.0,49
LAO,2003,0.0,50
MLI,2003,0.0,51
TGO,2003,0.0,52
BEN,2003,0.0,53
NER,2003,0.0,54
GIN,2003,0.0,55
MWI,2003,0.0,56
RWA,2003,0.0,57
SRB,2003,0.0,58
UGA,2003,0.0,59
ZMB,2003,0.0,60
ALB,2003,0.0,61
ARM,2003,0.0,62
GEO,2003,0.0,63
JAM,2003,0.0,64
LBN,2003,0.0,65
LBR,2003,0.0,66
MDA,2003,0.0,67
SEN,2003,0.0,68
ETH,2003,0.0,69
MNG,2003,0.0,70
TZA,2003,0.0,71
NIC,2003,0.0,72
KGZ,2003,0.0,73
MDG,2003,0.0,74
MRT,2003,0.0,75
MOZ,2003,0.0,76
TJK,2003,0.0,77
AFG,2003,0.0,78
PRK,2003,0.0,79
SSD,2003,0.0,80
BFA,2003,0.0,81
SLE,2003,0.0,82
MKD,2003,0.0,83
BIH,2003,0.0,84
CHN,2003,-0.01915,85
LTU,2003,-0.03031,86
THA,2003,-0.04557,87
COL,2003,-0.0483,88
TUR,2003,-0.0622,89
AZE,2003,-0.16134,90
CHL,2003,-0.18322,91
VEN,2003,-0.19234,92
CUB,2003,-0.30849,93
PHL,2003,-0.32149,94
NAM,2003,-0.3391,95
PAN,2003,-0.36033,96
ZWE,2003,-0.36945,97
ARE,2003,-0.39088,98
GTM,2003,-0.40104,99
TUN,2003,-0.40704,100
KAZ,2003,-0.41507,101
KEN,2003,-0.44312,102
KWT,2003,-0.45151,103
IRQ,2003,-0.49717,104
UZB,2003,-0.50574,105
IDN,2003,-0.50725,106
EGY,2003,-0.52821,107
IRN,2003,-0.53824,108
SLV,2003,-0.54864,109
OMN,2003,-0.57314,110
DOM,2003,-0.5785,111
BWA,2003,-0.59207,112
PRY,2003,-0.59959,113
BOL,2003,-0.6731,114
CIV,2003,-0.74018,115
QAT,2003,-0.76473,116
PER,2003,-0.77318,117
SDN,2003,-0.83806,118
SYR,2003,-0.85533,119
VNM,2003,-0.90821,120
LBY,2003,-0.91117,121
DZA,2003,-0.92131,122
ECU,2003,-0.94688,123
MAR,2003,-0.95251,124
HND,2003,-1.07699,125
LKA,2003,-1.08269,126
PAK,2003,-1.16551,127
CMR,2003,-1.23309,128
GHA,2003,-1.31751,129
PNG,2003,-1.36629,130
TKM,2003,-1.3726,131
GAB,2003,-1.46396,132
NGA,2003,-1.46769,133
BGD,2003,-1.60936,134
YEM,2003,-1.6547,135
MMR,2003,-1.67323,136
KHM,2003,-1.70018,137
COG,2003,-1.86313,138
AGO,2003,-2.09108,139
JPN,2004,2.17615,1
DEU,2004,2.00214,2
CHE,2004,1.89532,3
SWE,2004,1.81142,4
GBR,2004,1.75042,5
FIN,2004,1.74741,6
USA,2004,1.71396,7
IRL,2004,1.6439,8
AUT,2004,1.59568,9
FRA,2004,1.53002,10
SGP,2004,1.45128,11
TWN,2004,1.40632,12
CZE,2004,1.35598,13
BEL,2004,1.35308,14
NLD,2004,1.30905,15
ISR,2004,1.24793,16
ITA,2004,1.24683,17
SVN,2004,1.24524,18
DNK,2004,1.17141,19
KOR,2004,1.14504,20
CAN,2004,1.03314,21
HUN,2004,1.03044,22
SVK,2004,0.93473,23
ESP,2004,0.92412,24
MEX,2004,0.87517,25
NOR,2004,0.79486,26
POL,2004,0.76411,27
BLR,2004,0.74569,28
MYS,2004,0.67071,29
UKR,2004,0.65856,30
BRA,2004,0.64287,31
RUS,2004,0.57414,32
NZL,2004,0.54801,33
HRV,2004,0.39161,34
ZAF,2004,0.36574,35
ARG,2004,0.28614,36
HKG,2004,0.2744,37
GRC,2004,0.23932,38
PRT,2004,0.23625,39
SAU,2004,0.23172,40
THA,2004,0.21852,41
LBN,2004,0.20393,42
CHN,2004,0.19453,43
AUS,2004,0.18752,44
URY,2004,0.16826,45
IND,2004,0.14504,46
BGR,2004,0.14421,47
ROU,2004,0.12377,48
CUB,2004,0.08651,49
LTU,2004,0.03607,50
TUR,2004,0.01219,51
COD,2004,0.0,52
TCD,2004,0.0,53
LAO,2004,0.0,54
MLI,2004,0.0,55
TGO,2004,0.0,56
BEN,2004,0.0,57
NER,2004,0.0,58
GIN,2004,0.0,59
MWI,2004,0.0,60
RWA,2004,0.0,61
SRB,2004,0.0,62
UGA,2004,0.0,63
ALB,2004,0.0,64
ARM,2004,0.0,65
GEO,2004,0.0,66
LBR,2004,0.0,67
MDA,2004,0.0,68
SEN,2004,0.0,69
ETH,2004,0.0,70
MNG,2004,0.0,71
NIC,2004,0.0,72
KGZ,2004,0.0,73
MDG,2004,0.0,74
MRT,2004,0.0,75
TJK,2004,0.0,76
AFG,2004,0.0,77
PRK,2004,0.0,78
SSD,2004,0.0,79
BFA,2004,0.0,80
SLE,2004,0.0,81
BIH,2004,0.0,82
CRI,2004,-0.00169,83
COL,2004,-0.03975,84
JOR,2004,-0.07473,85
PHL,2004,-0.1217,86
VEN,2004,-0.18221,87
PAN,2004,-0.22584,88
ARE,2004,-0.24204,89
CHL,2004,-0.2421,90
AZE,2004,-0.26273,91
TUN,2004,-0.3342,92
MKD,2004,-0.36435,93
ZWE,2004,-0.36631,94
GTM,2004,-0.36817,95
IDN,2004,-0.38333,96
IRN,2004,-0.39607,97
EGY,2004,-0.40018,98
NAM,2004,-0.43026,99
KWT,2004,-0.4342,100
SLV,2004,-0.4678,101
PRY,2004,-0.50161,102
DOM,2004,-0.51103,103
KAZ,2004,-0.52789,104
QAT,2004,-0.53624,105
KEN,2004,-0.53956,106
OMN,2004,-0.56269,107
JAM,2004,-0.63542,108
BWA,2004,-0.66097,109
UZB,2004,-0.66458,110
SYR,2004,-0.69613,111
CIV,2004,-0.71507,112
VNM,2004,-0.75587,113
BOL,2004,-0.76824,114
LBY,2004,-0.82727,115
MAR,2004,-0.85233,116
SDN,2004,-0.88271,117
MOZ,2004,-0.89538,118
IRQ,2004,-0.9126,119
HND,2004,-0.91385,120
PER,2004,-0.9156,121
LKA,2004,-0.98331,122
ZMB,2004,-0.98605,123
ECU,2004,-1.00444,124
PAK,2004,-1.10957,125
DZA,2004,-1.11893,126
TZA,2004,-1.19497,127
CMR,2004,-1.2215,128
GHA,2004,-1.22506,129
PNG,2004,-1.28738,130
TKM,2004,-1.35699,131
YEM,2004,-1.46736,132
MMR,2004,-1.48963,133
BGD,2004,-1.54857,134
GAB,2004,-1.6182,135
NGA,2004,-1.64773,136
KHM,2004,-1.6741,137
AGO,2004,-1.91519,138
COG,2004,-2.07918,139
JPN,2005,2.14903,1
DEU,2005,1.97974,2
CHE,2005,1.81191,3
FIN,2005,1.76178,4
SWE,2005,1.75742,5
GBR,2005,1.70922,6
USA,2005,1.67209,7
IRL,2005,1.65338,8
AUT,2005,1.57049,9
FRA,2005,1.48818,10
SGP,2005,1.4583,11
TWN,2005,1.43038,12
CZE,2005,1.39707,13
BEL,2005,1.3626,14
SVN,2005,1.29127,15
KOR,2005,1.24513,16
ITA,2005,1.2413,17
NLD,2005,1.23883,18
ISR,2005,1.17423,19
DNK,2005,1.11648,20
HUN,2005,1.03219,21
CAN,2005,0.99906,22
SVK,2005,0.97629,23
ESP,2005,0.89728,24
MEX,2005,0.87935,25
NOR,2005,0.82526,26
POL,2005,0.80048,27
RUS,2005,0.75773,28
BLR,2005,0.73411,29
UKR,2005,0.68171,30
BRA,2005,0.66493,31
MYS,2005,0.62139,32
NZL,2005,0.56351,33
ZAF,2005,0.46859,34
HRV,2005,0.44429,35
HKG,2005,0.32205,36
ARG,2005,0.26919,37
URY,2005,0.25655,38
THA,2005,0.2563,39
PRT,2005,0.25321,40
CHN,2005,0.24729,41
LBN,2005,0.24518,42
BIH,2005,0.23831,43
CUB,2005,0.20758,44
GRC,2005,0.20377,45
LTU,2005,0.19772,46
IND,2005,0.19095,47
SAU,2005,0.18941,48
ROU,2005,0.17252,49
AUS,2005,0.13826,50
BGR,2005,0.13693,51
TUR,2005,0.01696,52
COD,2005,0.0,53
TCD,2005,0.0,54
LAO,2005,0.0,55
MLI,2005,0.0,56
TGO,2005,0.0,57
BEN,2005,0.0,58
NER,2005,0.0,59
GIN,2005,0.0,60
MWI,2005,0.0,61
RWA,2005,0.0,62
SRB,2005,0.0,63
UGA,2005,0.0,64
ALB,2005,0.0,65
ARM,2005,0.0,66
GEO,2005,0.0,67
LBR,2005,0.0,68
MDA,2005,0.0,69
SEN,2005,0.0,70
ETH,2005,0.0,71
MNG,2005,0.0,72
NIC,2005,0.0,73
KGZ,2005,0.0,74
MDG,2005,0.0,75
MRT,2005,0.0,76
TJK,2005,0.0,77
AFG,2005,0.0,78
PRK,2005,0.0,79
SSD,2005,0.0,80
BFA,2005,0.0,81
SLE,2005,0.0,82
CRI,2005,-0.00632,83
COL,2005,-0.10077,84
VEN,2005,-0.15884,85
PHL,2005,-0.1747,86
AZE,2005,-0.19921,87
ARE,2005,-0.22594,88
JOR,2005,-0.23056,89
QAT,2005,-0.24044,90
CHL,2005,-0.2543,91
PAN,2005,-0.26542,92
TUN,2005,-0.31239,93
IRN,2005,-0.33132,94
ZWE,2005,-0.34256,95
MKD,2005,-0.3706,96
IDN,2005,-0.37548,97
EGY,2005,-0.38807,98
SLV,2005,-0.45254,99
GTM,2005,-0.46953,100
NAM,2005,-0.4803,101
KEN,2005,-0.48538,102
JAM,2005,-0.50206,103
DOM,2005,-0.54293,104
KAZ,2005,-0.5541,105
KWT,2005,-0.56668,106
PRY,2005,-0.62726,107
CIV,2005,-0.67276,108
UZB,2005,-0.67457,109
SYR,2005,-0.71172,110
VNM,2005,-0.73445,111
OMN,2005,-0.7747,112
MOZ,2005,-0.85204,113
BWA,2005,-0.85431,114
IRQ,2005,-0.87633,115
MAR,2005,-0.8839,116
LBY,2005,-0.88529,117
BOL,2005,-0.90514,118
LKA,2005,-0.93285,119
PER,2005,-0.93544,120
HND,2005,-0.9706,121
ECU,2005,-0.9886,122
PAK,2005,-1.00728,123
DZA,2005,-1.03384,124
TZA,2005,-1.0422,125
ZMB,2005,-1.08842,126
GHA,2005,-1.15498,127
YEM,2005,-1.21905,128
TKM,2005,-1.25539,129
SDN,2005,-1.2633,130
BGD,2005,-1.44602,131
MMR,2005,-1.4495,132
PNG,2005,-1.59787,133
AGO,2005,-1.62112,134
CMR,2005,-1.63276,135
KHM,2005,-1.73758,136
GAB,2005,-1.76235,137
NGA,2005,-1.83971,138
COG,2005,-1.93545,139
JPN,2006,2.15071,1
DEU,2006,1.89916,2
CHE,2006,1.8,3
SWE,2006,1.73297,4
FIN,2006,1.70889,5
USA,2006,1.63725,6
GBR,2006,1.6355,7
AUT,2006,1.56844,8
TWN,2006,1.53335,9
IRL,2006,1.46586,10
FRA,2006,1.41963,11
KOR,2006,1.3942,12
CZE,2006,1.37995,13
SGP,2006,1.3621,14
SVN,2006,1.31339,15
BEL,2006,1.29582,16
ITA,2006,1.24679,17
NLD,2006,1.24262,18
HUN,2006,1.14605,19
ISR,2006,1.12439,20
DNK,2006,1.04298,21
SVK,2006,0.9999,22
CAN,2006,0.93238,23
ESP,2006,0.88332,24
NOR,2006,0.86154,25
POL,2006,0.86002,26
MEX,2006,0.83745,27
BLR,2006,0.78262,28
RUS,2006,0.77735,29
BRA,2006,0.69063,30
MYS,2006,0.66863,31
UKR,2006,0.6564,32
NZL,2006,0.576,33
SRB,2006,0.54608,34
HRV,2006,0.49224,35
ZAF,2006,0.43639,36
HKG,2006,0.39634,37
CHN,2006,0.3955,38
CUB,2006,0.39433,39
BIH,2006,0.32805,40
LTU,2006,0.32164,41
THA,2006,0.31761,42
GEO,2006,0.31009,43
ARG,2006,0.3028,44
LBN,2006,0.29003,45
ROU,2006,0.28477,46
SAU,2006,0.27701,47
PRT,2006,0.26104,48
URY,2006,0.2114,49
IND,2006,0.19517,50
GRC,2006,0.19237,51
BGR,2006,0.17085,52
TUR,2006,0.14269,53
AUS,2006,0.11214,54
CRI,2006,0.05756,55
COL,2006,0.00025,56
COD,2006,0.0,57
LAO,2006,0.0,58
MLI,2006,0.0,59
TGO,2006,0.0,60
BEN,2006,0.0,61
NER,2006,0.0,62
GIN,2006,0.0,63
MWI,2006,0.0,64
RWA,2006,0.0,65
UGA,2006,0.0,66
ALB,2006,0.0,67
ARM,2006,0.0,68
LBR,2006,0.0,69
MDA,2006,0.0,70
SEN,2006,0.0,71
ETH,2006,0.0,72
MNG,2006,0.0,73
KGZ,2006,0.0,74
MDG,2006,0.0,75
MRT,2006,0.0,76
TJK,2006,0.0,77
AFG,2006,0.0,78
PRK,2006,0.0,79
SSD,2006,0.0,80
BFA,2006,0.0,81
SLE,2006,0.0,82
PAN,2006,-0.11264,83
VEN,2006,-0.11761,84
ARE,2006,-0.11852,85
PHL,2006,-0.12982,86
JOR,2006,-0.15476,87
QAT,2006,-0.21501,88
IRN,2006,-0.21642,89
CHL,2006,-0.23903,90
ZWE,2006,-0.28291,91
TUN,2006,-0.31743,92
AZE,2006,-0.33558,93
IDN,2006,-0.34418,94
MKD,2006,-0.34652,95
KWT,2006,-0.3655,96
KEN,2006,-0.38761,97
EGY,2006,-0.4187,98
SLV,2006,-0.4352,99
KAZ,2006,-0.46001,100
JAM,2006,-0.47101,101
DOM,2006,-0.48038,102
GTM,2006,-0.48271,103
NAM,2006,-0.4996,104
VNM,2006,-0.56202,105
SYR,2006,-0.58441,106
UZB,2006,-0.6776,107
PRY,2006,-0.76084,108
BOL,2006,-0.77466,109
OMN,2006,-0.78076,110
LBY,2006,-0.78781,111
MAR,2006,-0.80387,112
LKA,2006,-0.8044,113
CIV,2006,-0.80498,114
ZMB,2006,-0.83435,115
PER,2006,-0.88044,116
PAK,2006,-0.88272,117
ECU,2006,-0.88448,118
BWA,2006,-0.89909,119
TZA,2006,-0.90915,120
HND,2006,-0.94501,121
MOZ,2006,-0.9832,122
NIC,2006,-1.01574,123
DZA,2006,-1.01874,124
YEM,2006,-1.09629,125
IRQ,2006,-1.33249,126
GHA,2006,-1.34503,127
TKM,2006,-1.35987,128
BGD,2006,-1.36644,129
MMR,2006,-1.38732,130
TCD,2006,-1.4711,131
SDN,2006,-1.55056,132
KHM,2006,-1.69156,133
AGO,2006,-1.6932,134
GAB,2006,-1.70176,135
PNG,2006,-1.85209,136
CMR,2006,-1.85404,137
NGA,2006,-1.86973,138
COG,2006,-1.96572,139
JPN,2007,2.05875,1
DEU,2007,1.8115,2
CHE,2007,1.77022,3
SWE,2007,1.67186,4
FIN,2007,1.6132,5
TWN,2007,1.56741,6
USA,2007,1.54709,7
AUT,2007,1.5365,8
GBR,2007,1.52193,9
SGP,2007,1.43516,10
KOR,2007,1.43511,11
CZE,2007,1.40893,12
IRL,2007,1.39793,13
FRA,2007,1.36213,14
SVN,2007,1.3239,15
BEL,2007,1.26226,16
ITA,2007,1.2542,17
NLD,2007,1.25405,18
ISR,2007,1.2146,19
HUN,2007,1.18908,20
SVK,2007,1.07274,21
DNK,2007,1.0294,22
POL,2007,0.93775,23
ESP,2007,0.89484,24
CAN,2007,0.88606,25
NOR,2007,0.88577,26
MEX,2007,0.87823,27
PRK,2007,0.84073,28
BLR,2007,0.82462,29
MYS,2007,0.79722,30
BRA,2007,0.75983,31
RUS,2007,0.73333,32
UKR,2007,0.64778,33
SRB,2007,0.58016,34
HRV,2007,0.57635,35
CHN,2007,0.57553,36
NZL,2007,0.56564,37
HKG,2007,0.52815,38
LTU,2007,0.49327,39
THA,2007,0.46471,40
ROU,2007,0.45228,41
ZAF,2007,0.42563,42
CUB,2007,0.37165,43
SAU,2007,0.36408,44
PRT,2007,0.35158,45
BIH,2007,0.34821,46
LBN,2007,0.34387,47
ARG,2007,0.32893,48
BGR,2007,0.29735,49
GRC,2007,0.28042,50
IND,2007,0.27507,51
GEO,2007,0.24618,52
TUR,2007,0.24601,53
CRI,2007,0.19518,54
AUS,2007,0.1695,55
URY,2007,0.15155,56
PAN,2007,0.07719,57
PHL,2007,0.062,58
COL,2007,0.035,59
LAO,2007,0.0,60
MLI,2007,0.0,61
TGO,2007,0.0,62
BEN,2007,0.0,63
NER,2007,0.0,64
MWI,2007,0.0,65
RWA,2007,0.0,66
UGA,2007,0.0,67
ALB,2007,0.0,68
ARM,2007,0.0,69
LBR,2007,0.0,70
ETH,2007,0.0,71
KGZ,2007,0.0,72
MDG,2007,0.0,73
TJK,2007,0.0,74
AFG,2007,0.0,75
SSD,2007,0.0,76
BFA,2007,0.0,77
SLE,2007,0.0,78
MDA,2007,-0.04126,79
SEN,2007,-0.10335,80
JOR,2007,-0.11239,81
VEN,2007,-0.12174,82
IDN,2007,-0.16542,83
ARE,2007,-0.17705,84
TUN,2007,-0.17893,85
MKD,2007,-0.21111,86
CHL,2007,-0.21469,87
ZWE,2007,-0.23948,88
IRN,2007,-0.2432,89
QAT,2007,-0.25709,90
AZE,2007,-0.2663,91
SLV,2007,-0.27608,92
KEN,2007,-0.29122,93
JAM,2007,-0.32627,94
EGY,2007,-0.3286,95
GTM,2007,-0.34195,96
DOM,2007,-0.34487,97
VNM,2007,-0.35887,98
KWT,2007,-0.41339,99
KAZ,2007,-0.4381,100
SYR,2007,-0.46619,101
NAM,2007,-0.58013,102
OMN,2007,-0.61178,103
UZB,2007,-0.61415,104
PRY,2007,-0.63377,105
LKA,2007,-0.63453,106
ECU,2007,-0.66968,107
MAR,2007,-0.67222,108
HND,2007,-0.71586,109
PER,2007,-0.72896,110
PAK,2007,-0.7364,111
TZA,2007,-0.74677,112
ZMB,2007,-0.77548,113
BOL,2007,-0.79894,114
CIV,2007,-0.80127,115
NIC,2007,-0.81442,116
BWA,2007,-0.8632,117
LBY,2007,-0.88912,118
DZA,2007,-0.92996,119
MOZ,2007,-1.03433,120
YEM,2007,-1.07253,121
BGD,2007,-1.0999,122
MNG,2007,-1.1361,123
GHA,2007,-1.18393,124
TKM,2007,-1.21981,125
CMR,2007,-1.22124,126
MRT,2007,-1.34606,127
KHM,2007,-1.38194,128
MMR,2007,-1.38339,129
COG,2007,-1.67894,130
GIN,2007,-1.6876,131
COD,2007,-1.70411,132
IRQ,2007,-1.71823,133
SDN,2007,-1.7785,134
AGO,2007,-1.78071,135
TCD,2007,-1.84418,136
NGA,2007,-1.8699,137
GAB,2007,-2.03514,138
PNG,2007,-2.31885,139
JPN,2008,2.07322,1
DEU,2008,1.82429,2
CHE,2008,1.77102,3
SWE,2008,1.66916,4
TWN,2008,1.58923,5
FIN,2008,1.57523,6
USA,2008,1.56719,7
GBR,2008,1.54634,8
AUT,2008,1.51969,9
SGP,2008,1.50106,10
KOR,2008,1.43601,11
CZE,2008,1.43396,12
FRA,2008,1.36904,13
IRL,2008,1.3521,14
SVN,2008,1.33269,15
BEL,2008,1.27219,16
HUN,2008,1.25812,17
NLD,2008,1.25616,18
ITA,2008,1.2425,19
ISR,2008,1.22875,20
SVK,2008,1.10258,21
DNK,2008,1.0414,22
MEX,2008,0.96496,23
POL,2008,0.95929,24
CAN,2008,0.89916,25
ESP,2008,0.86997,26
PRK,2008,0.86579,27
MYS,2008,0.8254,28
NOR,2008,0.82517,29
BLR,2008,0.82027,30
BRA,2008,0.75734,31
UKR,2008,0.69826,32
RUS,2008,0.69782,33
CHN,2008,0.66291,34
HKG,2008,0.63965,35
HRV,2008,0.62846,36
SRB,2008,0.58128,37
ROU,2008,0.57851,38
LTU,2008,0.56449,39
NZL,2008,0.53599,40
THA,2008,0.51246,41
ZAF,2008,0.42263,42
BIH,2008,0.38851,43
LBN,2008,0.38602,44
PRT,2008,0.36598,45
BGR,2008,0.35692,46
ARG,2008,0.33108,47
TUR,2008,0.29554,48
IND,2008,0.29038,49
PHL,2008,0.2752,50
GRC,2008,0.24288,51
CUB,2008,0.22481,52
PAN,2008,0.2182,53
SAU,2008,0.19462,54
CRI,2008,0.12497,55
AUS,2008,0.11746,56
GEO,2008,0.1149,57
URY,2008,0.05406,58
LAO,2008,0.0,59
TGO,2008,0.0,60
BEN,2008,0.0,61
NER,2008,0.0,62
MWI,2008,0.0,63
RWA,2008,0.0,64
ARM,2008,0.0,65
LBR,2008,0.0,66
ETH,2008,0.0,67
KGZ,2008,0.0,68
MDG,2008,0.0,69
TJK,2008,0.0,70
AFG,2008,0.0,71
SSD,2008,0.0,72
BFA,2008,0.0,73
SLE,2008,0.0,74
COL,2008,-0.00027,75
ALB,2008,-0.02508,76
MDA,2008,-0.02699,77
JOR,2008,-0.06319,78
VEN,2008,-0.09593,79
TUN,2008,-0.1378,80
KWT,2008,-0.1413,81
IDN,2008,-0.15559,82
QAT,2008,-0.1677,83
ARE,2008,-0.20347,84
MKD,2008,-0.20775,85
ZWE,2008,-0.22669,86
SEN,2008,-0.23769,87
CHL,2008,-0.25265,88
EGY,2008,-0.26238,89
DOM,2008,-0.26296,90
SLV,2008,-0.28868,91
KEN,2008,-0.2929,92
IRN,2008,-0.29692,93
VNM,2008,-0.3027,94
GTM,2008,-0.32683,95
JAM,2008,-0.33523,96
KAZ,2008,-0.38268,97
SYR,2008,-0.44471,98
OMN,2008,-0.5017,99
NAM,2008,-0.50212,100
UGA,2008,-0.51427,101
AZE,2008,-0.54955,102
BWA,2008,-0.56173,103
LKA,2008,-0.60166,104
MLI,2008,-0.65587,105
UZB,2008,-0.65847,106
PAK,2008,-0.65962,107
MAR,2008,-0.66135,108
PRY,2008,-0.66342,109
ZMB,2008,-0.6657,110
HND,2008,-0.69001,111
BOL,2008,-0.70345,112
PER,2008,-0.70398,113
TZA,2008,-0.71685,114
ECU,2008,-0.80835,115
NIC,2008,-0.91036,116
CIV,2008,-0.93901,117
LBY,2008,-0.96734,118
DZA,2008,-1.00027,119
BGD,2008,-1.04786,120
CMR,2008,-1.05585,121
YEM,2008,-1.07902,122
GHA,2008,-1.10185,123
MNG,2008,-1.10549,124
MOZ,2008,-1.14457,125
KHM,2008,-1.31759,126
COD,2008,-1.32214,127
MRT,2008,-1.33396,128
TKM,2008,-1.3662,129
COG,2008,-1.41073,130
MMR,2008,-1.44067,131
IRQ,2008,-1.62364,132
NGA,2008,-1.67278,133
GAB,2008,-1.7022,134
SDN,2008,-1.86213,135
AGO,2008,-1.86874,136
GIN,2008,-1.9867,137
PNG,2008,-2.27021,138
TCD,2008,-2.76781,139
JPN,2009,2.08492,1
DEU,2009,1.85881,2
CHE,2009,1.80047,3
SWE,2009,1.6901,4
FIN,2009,1.63001,5
TWN,2009,1.5695,6
USA,2009,1.56491,7
GBR,2009,1.55601,8
AUT,2009,1.52386,9
SGP,2009,1.50404,10
CZE,2009,1.49507,11
KOR,2009,1.45567,12
FRA,2009,1.38992,13
SVN,2009,1.36304,14
IRL,2009,1.33506,15
HUN,2009,1.30236,16
ITA,2009,1.28348,17
BEL,2009,1.24399,18
SVK,2009,1.19564,19
ISR,2009,1.17135,20
NLD,2009,1.16783,21
DNK,2009,1.04126,22
POL,2009,0.98035,23
MEX,2009,0.97556,24
CAN,2009,0.95306,25
NOR,2009,0.90878,26
ESP,2009,0.88839,27
BLR,2009,0.87499,28
MYS,2009,0.82702,29
PRK,2009,0.81068,30
RUS,2009,0.74751,31
BRA,2009,0.69588,32
ROU,2009,0.68712,33
CHN,2009,0.6839,34
UKR,2009,0.67949,35
HKG,2009,0.66247,36
HRV,2009,0.63321,37
SRB,2009,0.57254,38
LTU,2009,0.56529,39
NZL,2009,0.49532,40
THA,2009,0.49489,41
BIH,2009,0.41327,42
BGR,2009,0.39022,43
PRT,2009,0.3827,44
LBN,2009,0.36994,45
ARG,2009,0.35523,46
ZAF,2009,0.35336,47
ALB,2009,0.34991,48
TUR,2009,0.33077,49
IND,2009,0.29659,50
GRC,2009,0.22891,51
PHL,2009,0.20528,52
SAU,2009,0.17864,53
PAN,2009,0.16031,54
URY,2009,0.10246,55
CRI,2009,0.09229,56
GEO,2009,0.0569,57
AUS,2009,0.0448,58
LAO,2009,0.0,59
MLI,2009,0.0,60
BEN,2009,0.0,61
NER,2009,0.0,62
MWI,2009,0.0,63
RWA,2009,0.0,64
ARM,2009,0.0,65
LBR,2009,0.0,66
ETH,2009,0.0,67
KGZ,2009,0.0,68
MDG,2009,0.0,69
TJK,2009,0.0,70
AFG,2009,0.0,71
SSD,2009,0.0,72
BFA,2009,0.0,73
SLE,2009,0.0,74
MDA,2009,-0.01618,75
COL,2009,-0.03275,76
KWT,2009,-0.03545,77
JOR,2009,-0.05909,78
TUN,2009,-0.10037,79
MKD,2009,-0.14256,80
CUB,2009,-0.17407,81
VEN,2009,-0.17549,82
IDN,2009,-0.20456,83
ARE,2009,-0.20586,84
BWA,2009,-0.21021,85
CHL,2009,-0.21915,86
DOM,2009,-0.22688,87
JAM,2009,-0.24804,88
QAT,2009,-0.2579,89
EGY,2009,-0.27961,90
IRN,2009,-0.3017,91
SLV,2009,-0.31713,92
VNM,2009,-0.33013,93
KAZ,2009,-0.33877,94
SEN,2009,-0.34202,95
ZWE,2009,-0.36233,96
KEN,2009,-0.37344,97
SYR,2009,-0.42298,98
GTM,2009,-0.45896,99
NAM,2009,-0.46113,100
UGA,2009,-0.54252,101
OMN,2009,-0.54582,102
MAR,2009,-0.6178,103
LKA,2009,-0.6362,104
ZMB,2009,-0.66264,105
UZB,2009,-0.66876,106
PAK,2009,-0.68809,107
TZA,2009,-0.70113,108
PRY,2009,-0.72267,109
HND,2009,-0.72402,110
PER,2009,-0.73984,111
AZE,2009,-0.82096,112
TGO,2009,-0.83452,113
BOL,2009,-0.86185,114
ECU,2009,-0.90359,115
NIC,2009,-0.92733,116
MOZ,2009,-0.93896,117
MNG,2009,-0.95869,118
LBY,2009,-0.96978,119
DZA,2009,-0.98711,120
CMR,2009,-1.01692,121
YEM,2009,-1.08021,122
BGD,2009,-1.08145,123
CIV,2009,-1.08694,124
TKM,2009,-1.15878,125
COG,2009,-1.1744,126
GHA,2009,-1.2669,127
KHM,2009,-1.28152,128
MRT,2009,-1.31238,129
MMR,2009,-1.47452,130
COD,2009,-1.60134,131
IRQ,2009,-1.72274,132
NGA,2009,-1.76587,133
TCD,2009,-1.77308,134
AGO,2009,-1.81914,135
GAB,2009,-1.91411,136
SDN,2009,-2.0269,137
GIN,2009,-2.05152,138
PNG,2009,-2.31759,139
JPN,2010,2.13915,1
DEU,2010,1.87023,2
CHE,2010,1.85957,3
SWE,2010,1.67027,4
TWN,2010,1.62419,5
FIN,2010,1.62026,6
USA,2010,1.60263,7
GBR,2010,1.58759,8
CZE,2010,1.54052,9
AUT,2010,1.53403,10
SGP,2010,1.53181,11
KOR,2010,1.50113,12
FRA,2010,1.43123,13
IRL,2010,1.37858,14
SVN,2010,1.37387,15
HUN,2010,1.31886,16
BEL,2010,1.31129,17
ITA,2010,1.27757,18
SVK,2010,1.22338,19
ISR,2010,1.21957,20
NLD,2010,1.17446,21
DNK,2010,1.04763,22
MEX,2010,1.00121,23
POL,2010,0.99375,24
CAN,2010,0.9668,25
NOR,2010,0.94237,26
BLR,2010,0.87225,27
MYS,2010,0.85297,28
ESP,2010,0.84606,29
RUS,2010,0.78386,30
UKR,2010,0.69227,31
BRA,2010,0.68908,32
ROU,2010,0.68451,33
CHN,2010,0.66939,34
PRK,2010,0.66617,35
HRV,2010,0.65079,36
HKG,2010,0.63758,37
SRB,2010,0.57354,38
LTU,2010,0.50791,39
SAU,2010,0.48398,40
THA,2010,0.47189,41
NZL,2010,0.43321,42
BIH,2010,0.41983,43
KWT,2010,0.36817,44
LBN,2010,0.36454,45
ARG,2010,0.35728,46
ZAF,2010,0.34896,47
PRT,2010,0.34685,48
BGR,2010,0.34139,49
TUR,2010,0.28813,50
IND,2010,0.26657,51
ALB,2010,0.24539,52
GRC,2010,0.22749,53
PHL,2010,0.20748,54
PAN,2010,0.16313,55
URY,2010,0.06984,56
GEO,2010,0.03658,57
MLI,2010,0.0,58
BEN,2010,0.0,59
NER,2010,0.0,60
MWI,2010,0.0,61
RWA,2010,0.0,62
ARM,2010,0.0,63
LBR,2010,0.0,64
ETH,2010,0.0,65
KGZ,2010,0.0,66
MDG,2010,0.0,67
TJK,2010,0.0,68
AFG,2010,0.0,69
SSD,2010,0.0,70
BFA,2010,0.0,71
SLE,2010,0.0,72
JOR,2010,-0.0054,73
COL,2010,-0.03537,74
QAT,2010,-0.05001,75
CRI,2010,-0.05973,76
AUS,2010,-0.07294,77
VEN,2010,-0.08529,78
TUN,2010,-0.08765,79
MDA,2010,-0.12257,80
BWA,2010,-0.12894,81
ARE,2010,-0.13601,82
CUB,2010,-0.18177,83
CHL,2010,-0.21431,84
DOM,2010,-0.23566,85
MKD,2010,-0.25054,86
TCD,2010,-0.28356,87
IRN,2010,-0.29106,88
JAM,2010,-0.29162,89
IDN,2010,-0.30096,90
EGY,2010,-0.3129,91
SLV,2010,-0.39117,92
NAM,2010,-0.39132,93
VNM,2010,-0.39695,94
SYR,2010,-0.40254,95
KEN,2010,-0.42128,96
KAZ,2010,-0.42969,97
ZWE,2010,-0.4354,98
SEN,2010,-0.45081,99
GTM,2010,-0.53918,100
UGA,2010,-0.54144,101
LBY,2010,-0.57441,102
ZMB,2010,-0.58284,103
OMN,2010,-0.60104,104
AZE,2010,-0.62776,105
MAR,2010,-0.67464,106
PAK,2010,-0.75153,107
TGO,2010,-0.76829,108
ECU,2010,-0.77302,109
LKA,2010,-0.77784,110
HND,2010,-0.7905,111
UZB,2010,-0.80033,112
PER,2010,-0.80185,113
PRY,2010,-0.83984,114
DZA,2010,-0.84528,115
TZA,2010,-0.87814,116
MNG,2010,-0.9175,117
TKM,2010,-1.01419,118
YEM,2010,-1.01918,119
BOL,2010,-1.02575,120
MOZ,2010,-1.07831,121
NIC,2010,-1.09832,122
CMR,2010,-1.11676,123
CIV,2010,-1.20671,124
LAO,2010,-1.22921,125
GHA,2010,-1.23492,126
BGD,2010,-1.25962,127
COG,2010,-1.30701,128
KHM,2010,-1.46314,129
GAB,2010,-1.54496,130
MRT,2010,-1.62588,131
COD,2010,-1.6494,132
MMR,2010,-1.65037,133
IRQ,2010,-1.65728,134
AGO,2010,-1.72598,135
NGA,2010,-1.75807,136
GIN,2010,-1.7983,137
SDN,2010,-1.96961,138
PNG,2010,-2.3252,139
JPN,2011,2.24327,1
CHE,2011,1.9492,2
DEU,2011,1.90951,3
TWN,2011,1.72564,4
SWE,2011,1.71632,5
CZE,2011,1.63405,6
FIN,2011,1.62319,7
USA,2011,1.61654,8
GBR,2011,1.60005,9
KOR,2011,1.58608,10
SGP,2011,1.57661,11
AUT,2011,1.56563,12
FRA,2011,1.46265,13
SVN,2011,1.43965,14
BEL,2011,1.42805,15
HUN,2011,1.39537,16
IRL,2011,1.36524,17
ITA,2011,1.34452,18
SVK,2011,1.28122,19
ISR,2011,1.24379,20
NLD,2011,1.19814,21
MEX,2011,1.08886,22
DNK,2011,1.05752,23
POL,2011,1.03537,24
CAN,2011,0.95736,25
MYS,2011,0.93909,26
NOR,2011,0.89328,27
BLR,2011,0.8585,28
ESP,2011,0.85771,29
CHN,2011,0.75882,30
HKG,2011,0.74541,31
RUS,2011,0.73164,32
ROU,2011,0.7099,33
BRA,2011,0.70408,34
UKR,2011,0.69331,35
HRV,2011,0.6476,36
THA,2011,0.57872,37
SRB,2011,0.57498,38
LTU,2011,0.56556,39
PRK,2011,0.54146,40
SAU,2011,0.50902,41
BIH,2011,0.47832,42
NZL,2011,0.463,43
BGR,2011,0.38307,44
ZAF,2011,0.36636,45
PRT,2011,0.36044,46
PHL,2011,0.34896,47
TUR,2011,0.34767,48
LBN,2011,0.32422,49
ARG,2011,0.29874,50
PAN,2011,0.28388,51
IND,2011,0.27707,52
GRC,2011,0.22992,53
KWT,2011,0.13269,54
GEO,2011,0.05374,55
URY,2011,0.05321,56
QAT,2011,0.05094,57
ARE,2011,0.02069,58
COL,2011,0.0136,59
JOR,2011,0.0043,60
BEN,2011,0.0,61
NER,2011,0.0,62
MWI,2011,0.0,63
RWA,2011,0.0,64
ARM,2011,0.0,65
LBR,2011,0.0,66
MDG,2011,0.0,67
TJK,2011,0.0,68
AFG,2011,0.0,69
SSD,2011,0.0,70
SLE,2011,0.0,71
ALB,2011,-0.01053,72
TUN,2011,-0.03687,73
CRI,2011,-0.03917,74
IRN,2011,-0.16344,75
MDA,2011,-0.16652,76
LBY,2011,-0.16764,77
CHL,2011,-0.17103,78
TCD,2011,-0.176,79
CUB,2011,-0.17925,80
AUS,2011,-0.18567,81
VEN,2011,-0.19345,82
BWA,2011,-0.2064,83
DOM,2011,-0.21149,84
JAM,2011,-0.21306,85
MKD,2011,-0.22944,86
VNM,2011,-0.26904,87
IDN,2011,-0.31111,88
KAZ,2011,-0.32288,89
EGY,2011,-0.33882,90
SLV,2011,-0.3533,91
KGZ,2011,-0.36534,92
SYR,2011,-0.38766,93
SEN,2011,-0.48385,94
OMN,2011,-0.49189,95
KEN,2011,-0.51448,96
GTM,2011,-0.52227,97
AZE,2011,-0.52959,98
NAM,2011,-0.55449,99
UGA,2011,-0.59457,100
ECU,2011,-0.67081,101
UZB,2011,-0.68942,102
MAR,2011,-0.69663,103
TGO,2011,-0.70612,104
ZMB,2011,-0.71309,105
ZWE,2011,-0.71657,106
DZA,2011,-0.7433,107
LKA,2011,-0.74514,108
PAK,2011,-0.79174,109
PER,2011,-0.79793,110
MLI,2011,-0.79866,111
HND,2011,-0.81188,112
PRY,2011,-0.82107,113
ETH,2011,-0.85207,114
TZA,2011,-0.87641,115
YEM,2011,-0.97718,116
CMR,2011,-0.98141,117
TKM,2011,-1.00626,118
GHA,2011,-1.05787,119
COD,2011,-1.08048,120
BOL,2011,-1.08345,121
MOZ,2011,-1.09419,122
MNG,2011,-1.12863,123
NIC,2011,-1.13326,124
CIV,2011,-1.15061,125
MRT,2011,-1.1882,126
BFA,2011,-1.24849,127
BGD,2011,-1.29868,128
LAO,2011,-1.31295,129
COG,2011,-1.45563,130
GAB,2011,-1.50656,131
KHM,2011,-1.5125,132
MMR,2011,-1.66771,133
IRQ,2011,-1.72963,134
GIN,2011,-1.78817,135
PNG,2011,-1.79479,136
AGO,2011,-1.79871,137
NGA,2011,-1.8219,138
SDN,2011,-2.20641,139
JPN,2012,2.28263,1
CHE,2012,2.04406,2
DEU,2012,1.9289,3
TWN,2012,1.82807,4
SWE,2012,1.72396,5
SGP,2012,1.71433,6
KOR,2012,1.66593,7
USA,2012,1.62936,8
CZE,2012,1.61624,9
GBR,2012,1.6063,10
FIN,2012,1.58282,11
AUT,2012,1.56497,12
FRA,2012,1.47097,13
BEL,2012,1.44322,14
SVN,2012,1.4387,15
IRL,2012,1.41136,16
HUN,2012,1.40154,17
ITA,2012,1.33258,18
ISR,2012,1.26208,19
SVK,2012,1.2595,20
NLD,2012,1.22812,21
MEX,2012,1.10948,22
DNK,2012,1.08509,23
POL,2012,1.02203,24
MYS,2012,1.01311,25
CAN,2012,0.96064,26
BLR,2012,0.89671,27
NOR,2012,0.87483,28
HKG,2012,0.85289,29
ESP,2012,0.82852,30
CHN,2012,0.81573,31
HRV,2012,0.73425,32
BRA,2012,0.72406,33
RUS,2012,0.71977,34
ROU,2012,0.67694,35
UKR,2012,0.6627,36
LTU,2012,0.66002,37
THA,2012,0.60896,38
SAU,2012,0.58939,39
SRB,2012,0.55583,40
NZL,2012,0.48375,41
BIH,2012,0.46515,42
BGR,2012,0.42235,43
PRT,2012,0.37327,44
PAN,2012,0.37248,45
PHL,2012,0.36861,46
TUR,2012,0.35615,47
ARG,2012,0.3538,48
PRK,2012,0.34174,49
IND,2012,0.33374,50
ZAF,2012,0.32959,51
LBN,2012,0.29105,52
GRC,2012,0.2087,53
GEO,2012,0.14062,54
KWT,2012,0.11097,55
COL,2012,0.09438,56
URY,2012,0.09029,57
BEN,2012,0.0,58
NER,2012,0.0,59
RWA,2012,0.0,60
ARM,2012,0.0,61
LBR,2012,0.0,62
MDG,2012,0.0,63
TJK,2012,0.0,64
AFG,2012,0.0,65
SSD,2012,0.0,66
SLE,2012,0.0,67
JOR,2012,-0.0017,68
ARE,2012,-0.01027,69
CRI,2012,-0.01062,70
AUS,2012,-0.04618,71
TUN,2012,-0.06177,72
CHL,2012,-0.08191,73
MDA,2012,-0.11329,74
QAT,2012,-0.13549,75
CUB,2012,-0.1381,76
IRN,2012,-0.1401,77
KAZ,2012,-0.19022,78
JAM,2012,-0.21382,79
VNM,2012,-0.23622,80
MKD,2012,-0.25197,81
DOM,2012,-0.26784,82
KGZ,2012,-0.28815,83
BWA,2012,-0.3228,84
IDN,2012,-0.32903,85
SLV,2012,-0.33843,86
LBY,2012,-0.34893,87
AZE,2012,-0.35699,88
VEN,2012,-0.36275,89
EGY,2012,-0.37719,90
SYR,2012,-0.38191,91
GTM,2012,-0.49698,92
NAM,2012,-0.49792,93
OMN,2012,-0.51645,94
SEN,2012,-0.5321,95
KEN,2012,-0.53965,96
ZMB,2012,-0.55031,97
ECU,2012,-0.56966,98
UGA,2012,-0.587,99
BOL,2012,-0.59708,100
ALB,2012,-0.60287,101
UZB,2012,-0.63937,102
PER,2012,-0.68634,103
MAR,2012,-0.70124,104
PRY,2012,-0.71106,105
MLI,2012,-0.73692,106
HND,2012,-0.74076,107
LKA,2012,-0.76856,108
ZWE,2012,-0.78693,109
PAK,2012,-0.82897,110
TZA,2012,-0.83329,111
MNG,2012,-0.84228,112
MWI,2012,-0.87116,113
TGO,2012,-0.9266,114
GHA,2012,-1.02032,115
ETH,2012,-1.0239,116
CMR,2012,-1.02704,117
GAB,2012,-1.06969,118
COD,2012,-1.10065,119
YEM,2012,-1.12111,120
MRT,2012,-1.15053,121
NIC,2012,-1.17568,122
CIV,2012,-1.20403,123
DZA,2012,-1.20425,124
COG,2012,-1.20811,125
MOZ,2012,-1.222,126
TKM,2012,-1.26687,127
TCD,2012,-1.30061,128
BGD,2012,-1.3143,129
LAO,2012,-1.35215,130
BFA,2012,-1.36994,131
KHM,2012,-1.47584,132
MMR,2012,-1.54696,133
IRQ,2012,-1.5685,134
SDN,2012,-1.62509,135
NGA,2012,-1.64048,136
PNG,2012,-1.6987,137
AGO,2012,-1.79109,138
GIN,2012,-1.91625,139
JPN,2013,2.22372,1
CHE,2013,2.00333,2
DEU,2013,1.89942,3
TWN,2013,1.84642,4
SWE,2013,1.71594,5
KOR,2013,1.70245,6
SGP,2013,1.63348,7
CZE,2013,1.61788,8
USA,2013,1.60827,9
GBR,2013,1.57411,10
FIN,2013,1.57278,11
AUT,2013,1.55307,12
FRA,2013,1.44559,13
SVN,2013,1.42851,14
BEL,2013,1.42464,15
IRL,2013,1.40363,16
HUN,2013,1.38439,17
ITA,2013,1.3191,18
SVK,2013,1.26203,19
ISR,2013,1.24211,20
NLD,2013,1.22031,21
MEX,2013,1.13273,22
MYS,2013,1.07683,23
DNK,2013,1.05086,24
POL,2013,1.02331,25
CAN,2013,0.94793,26
BLR,2013,0.92289,27
CHN,2013,0.84659,28
NOR,2013,0.84607,29
ESP,2013,0.82817,30
HKG,2013,0.82061,31
HRV,2013,0.7709,32
SAU,2013,0.75142,33
BRA,2013,0.75074,34
RUS,2013,0.74389,35
THA,2013,0.7241,36
ROU,2013,0.71634,37
LTU,2013,0.71075,38
UKR,2013,0.70397,39
SRB,2013,0.61135,40
NZL,2013,0.5468,41
BIH,2013,0.4937,42
BGR,2013,0.46483,43
ARG,2013,0.41403,44
TUR,2013,0.3983,45
PHL,2013,0.3938,46
PRT,2013,0.39015,47
PAN,2013,0.37533,48
IND,2013,0.34751,49
ZAF,2013,0.34302,50
LBN,2013,0.28561,51
GRC,2013,0.24231,52
KWT,2013,0.19268,53
URY,2013,0.15248,54
COL,2013,0.13662,55
CRI,2013,0.13593,56
ARM,2013,0.13083,57
PRK,2013,0.09157,58
GEO,2013,0.08984,59
ARE,2013,0.05997,60
JOR,2013,0.05829,61
QAT,2013,0.04148,62
AUS,2013,0.00281,63
BEN,2013,0.0,64
RWA,2013,0.0,65
LBR,2013,0.0,66
TJK,2013,0.0,67
AFG,2013,0.0,68
SSD,2013,0.0,69
SLE,2013,0.0,70
IRN,2013,-0.01407,71
TUN,2013,-0.02787,72
MDA,2013,-0.03012,73
CHL,2013,-0.03415,74
CUB,2013,-0.05267,75
KAZ,2013,-0.10811,76
MKD,2013,-0.16171,77
KGZ,2013,-0.19799,78
VNM,2013,-0.23378,79
DOM,2013,-0.23732,80
EGY,2013,-0.26543,81
SLV,2013,-0.2664,82
IDN,2013,-0.27825,83
ZMB,2013,-0.34083,84
OMN,2013,-0.34313,85
SYR,2013,-0.35999,86
JAM,2013,-0.36311,87
VEN,2013,-0.39751,88
AZE,2013,-0.45228,89
SEN,2013,-0.45537,90
GTM,2013,-0.46366,91
NAM,2013,-0.4736,92
UGA,2013,-0.48499,93
BWA,2013,-0.48581,94
KEN,2013,-0.50875,95
ALB,2013,-0.56959,96
PRY,2013,-0.56998,97
PER,2013,-0.59476,98
BOL,2013,-0.61682,99
ECU,2013,-0.61969,100
HND,2013,-0.65502,101
MAR,2013,-0.69384,102
UZB,2013,-0.71155,103
TGO,2013,-0.71375,104
MLI,2013,-0.74312,105
ZWE,2013,-0.76322,106
LKA,2013,-0.7739,107
TZA,2013,-0.81763,108
MNG,2013,-0.82182,109
PAK,2013,-0.82489,110
MWI,2013,-0.88558,111
CMR,2013,-0.8957,112
GHA,2013,-0.94316,113
NER,2013,-0.96981,114
MOZ,2013,-1.04049,115
ETH,2013,-1.04168,116
YEM,2013,-1.04807,117
COD,2013,-1.05639,118
CIV,2013,-1.09951,119
NIC,2013,-1.1307,120
MDG,2013,-1.13246,121
GAB,2013,-1.15905,122
LBY,2013,-1.17534,123
DZA,2013,-1.17729,124
MRT,2013,-1.21768,125
LAO,2013,-1.25725,126
BGD,2013,-1.29881,127
IRQ,2013,-1.31372,128
NGA,2013,-1.35346,129
COG,2013,-1.36262,130
KHM,2013,-1.39256,131
SDN,2013,-1.42966,132
BFA,2013,-1.44345,133
MMR,2013,-1.49672,134
PNG,2013,-1.51064,135
TKM,2013,-1.53229,136
GIN,2013,-1.57846,137
AGO,2013,-1.60112,138
TCD,2013,-2.77844,139
JPN,2014,2.11723,1
CHE,2014,1.91513,2
DEU,2014,1.83751,3
TWN,2014,1.76882,4
SWE,2014,1.68441,5
KOR,2014,1.68295,6
CZE,2014,1.59103,7
SGP,2014,1.55905,8
USA,2014,1.55391,9
FIN,2014,1.5415,10
AUT,2014,1.53189,11
GBR,2014,1.51961,12
HUN,2014,1.40126,13
SVN,2014,1.40056,14
FRA,2014,1.38065,15
BEL,2014,1.36388,16
IRL,2014,1.33082,17
ITA,2014,1.31101,18
SVK,2014,1.25728,19
ISR,2014,1.23636,20
NLD,2014,1.17708,21
MEX,2014,1.13366,22
DNK,2014,1.03397,23
MYS,2014,1.03083,24
POL,2014,1.01744,25
CAN,2014,0.98651,26
BLR,2014,0.91506,27
CHN,2014,0.86115,28
NOR,2014,0.84818,29
ESP,2014,0.84035,30
HKG,2014,0.80396,31
THA,2014,0.80035,32
SAU,2014,0.79072,33
ROU,2014,0.76741,34
HRV,2014,0.76415,35
LTU,2014,0.75487,36
BRA,2014,0.699,37
UKR,2014,0.68098,38
SRB,2014,0.63626,39
RUS,2014,0.61557,40
NZL,2014,0.55401,41
BIH,2014,0.52337,42
BGR,2014,0.48263,43
TUR,2014,0.45796,44
ARG,2014,0.4501,45
PRT,2014,0.43899,46
ZAF,2014,0.40187,47
PHL,2014,0.38024,48
LBN,2014,0.36608,49
IND,2014,0.35855,50
PAN,2014,0.31523,51
GRC,2014,0.31423,52
KWT,2014,0.28065,53
CRI,2014,0.26103,54
COL,2014,0.24337,55
URY,2014,0.18249,56
ARE,2014,0.10877,57
JOR,2014,0.10664,58
ARM,2014,0.10461,59
IRN,2014,0.10261,60
CHL,2014,0.0196,61
TUN,2014,0.01936,62
GEO,2014,0.01272,63
MWI,2014,0.0,64
RWA,2014,0.0,65
LBR,2014,0.0,66
TJK,2014,0.0,67
AFG,2014,0.0,68
QAT,2014,-0.00289,69
SYR,2014,-0.00556,70
MDA,2014,-0.02162,71
PRK,2014,-0.0289,72
AUS,2014,-0.04477,73
CUB,2014,-0.0704,74
KAZ,2014,-0.10398,75
MKD,2014,-0.1221,76
KGZ,2014,-0.13407,77
EGY,2014,-0.15711,78
VNM,2014,-0.16949,79
DOM,2014,-0.17747,80
SLV,2014,-0.17818,81
IDN,2014,-0.20714,82
NAM,2014,-0.24706,83
OMN,2014,-0.25572,84
JAM,2014,-0.26404,85
ZMB,2014,-0.27643,86
UGA,2014,-0.31059,87
GTM,2014,-0.33936,88
BWA,2014,-0.37642,89
SEN,2014,-0.38293,90
KEN,2014,-0.39102,91
ALB,2014,-0.48877,92
VEN,2014,-0.50502,93
PRY,2014,-0.50801,94
PER,2014,-0.51006,95
AZE,2014,-0.5133,96
HND,2014,-0.53501,97
UZB,2014,-0.5591,98
BEN,2014,-0.56916,99
ZWE,2014,-0.60273,100
MAR,2014,-0.60293,101
LKA,2014,-0.60763,102
ECU,2014,-0.61244,103
TGO,2014,-0.63576,104
BOL,2014,-0.64482,105
SLE,2014,-0.65646,106
PAK,2014,-0.69993,107
TZA,2014,-0.79499,108
CMR,2014,-0.84501,109
NER,2014,-0.86439,110
YEM,2014,-0.8741,111
MNG,2014,-0.9354,112
CIV,2014,-0.95118,113
MRT,2014,-0.97384,114
MLI,2014,-0.9826,115
ETH,2014,-0.98359,116
GHA,2014,-0.98425,117
GAB,2014,-0.99403,118
NIC,2014,-1.07077,119
MDG,2014,-1.12924,120
LAO,2014,-1.13076,121
TKM,2014,-1.13303,122
BGD,2014,-1.13823,123
BFA,2014,-1.16514,124
MOZ,2014,-1.19646,125
KHM,2014,-1.2016,126
DZA,2014,-1.24465,127
IRQ,2014,-1.288,128
NGA,2014,-1.34151,129
COG,2014,-1.37621,130
SDN,2014,-1.45679,131
MMR,2014,-1.47743,132
PNG,2014,-1.53494,133
LBY,2014,-1.54863,134
COD,2014,-1.58958,135
AGO,2014,-1.62807,136
GIN,2014,-1.63047,137
TCD,2014,-2.68316,138
SSD,2014,-2.96098,139
JPN,2015,2.16533,1
CHE,2015,2.01128,2
DEU,2015,1.89827,3
TWN,2015,1.81159,4
KOR,2015,1.74335,5
SWE,2015,1.69485,6
CZE,2015,1.61676,7
SGP,2015,1.58732,8
USA,2015,1.58591,9
AUT,2015,1.55235,10
FIN,2015,1.54326,11
GBR,2015,1.52977,12
SVN,2015,1.42781,13
BEL,2015,1.41111,14
HUN,2015,1.41054,15
FRA,2015,1.40677,16
IRL,2015,1.36375,17
ITA,2015,1.32688,18
SVK,2015,1.27496,19
ISR,2015,1.26218,20
NLD,2015,1.19327,21
MEX,2015,1.17369,22
DNK,2015,1.06011,23
POL,2015,1.03036,24
MYS,2015,0.98405,25
CAN,2015,0.97906,26
BLR,2015,0.91306,27
THA,2015,0.88284,28
NOR,2015,0.87,29
CHN,2015,0.86408,30
HKG,2015,0.85164,31
SAU,2015,0.84068,32
ROU,2015,0.82047,33
ESP,2015,0.80871,34
LTU,2015,0.7557,35
HRV,2015,0.70699,36
BRA,2015,0.6883,37
UKR,2015,0.62391,38
SRB,2015,0.59641,39
NZL,2015,0.51895,40
RUS,2015,0.5024,41
BGR,2015,0.43954,42
BIH,2015,0.43293,43
ARG,2015,0.43057,44
IND,2015,0.41256,45
TUR,2015,0.40643,46
PRT,2015,0.40373,47
PHL,2015,0.37262,48
LBN,2015,0.36464,49
KWT,2015,0.30584,50
CRI,2015,0.30097,51
ZAF,2015,0.29355,52
GRC,2015,0.28047,53
PAN,2015,0.24429,54
URY,2015,0.21535,55
COL,2015,0.14357,56
IRN,2015,0.12103,57
ARE,2015,0.08808,58
JOR,2015,0.06783,59
ARM,2015,0.06207,60
GEO,2015,0.04403,61
QAT,2015,0.02692,62
SYR,2015,0.0,63
MWI,2015,0.0,64
RWA,2015,0.0,65
LBR,2015,0.0,66
TJK,2015,0.0,67
AFG,2015,0.0,68
TUN,2015,-0.01276,69
KGZ,2015,-0.0689,70
KAZ,2015,-0.06937,71
AUS,2015,-0.0887,72
CHL,2015,-0.09295,73
MDA,2015,-0.09774,74
PRK,2015,-0.14406,75
EGY,2015,-0.14924,76
IDN,2015,-0.16298,77
MKD,2015,-0.17064,78
OMN,2015,-0.19308,79
SLV,2015,-0.2022,80
CUB,2015,-0.21641,81
DOM,2015,-0.22778,82
VNM,2015,-0.22971,83
NAM,2015,-0.29827,84
JAM,2015,-0.30048,85
UGA,2015,-0.32997,86
GTM,2015,-0.33844,87
ZMB,2015,-0.39289,88
BWA,2015,-0.39427,89
VEN,2015,-0.41595,90
SEN,2015,-0.42362,91
KEN,2015,-0.4559,92
BEN,2015,-0.50096,93
AZE,2015,-0.55821,94
SLE,2015,-0.56208,95
HND,2015,-0.57155,96
UZB,2015,-0.58016,97
TGO,2015,-0.58198,98
ALB,2015,-0.58332,99
PER,2015,-0.58402,100
IRQ,2015,-0.58695,101
PRY,2015,-0.59391,102
LKA,2015,-0.62581,103
ZWE,2015,-0.66657,104
MAR,2015,-0.69246,105
YEM,2015,-0.74682,106
ECU,2015,-0.76994,107
PAK,2015,-0.77018,108
CMR,2015,-0.81631,109
BOL,2015,-0.86519,110
NER,2015,-0.86818,111
CIV,2015,-0.89319,112
GHA,2015,-0.94324,113
TZA,2015,-0.95482,114
ETH,2015,-0.96494,115
GAB,2015,-0.98276,116
MRT,2015,-0.98734,117
MNG,2015,-1.01862,118
DZA,2015,-1.05338,119
LAO,2015,-1.08087,120
KHM,2015,-1.10179,121
MOZ,2015,-1.11808,122
NIC,2015,-1.12048,123
BFA,2015,-1.14446,124
TKM,2015,-1.15563,125
MDG,2015,-1.19523,126
MLI,2015,-1.25279,127
BGD,2015,-1.32244,128
COD,2015,-1.35467,129
LBY,2015,-1.35817,130
SDN,2015,-1.38816,131
GIN,2015,-1.42213,132
COG,2015,-1.45235,133
MMR,2015,-1.47734,134
NGA,2015,-1.48079,135
AGO,2015,-1.55916,136
PNG,2015,-1.788,137
TCD,2015,-2.22928,138
SSD,2015,-2.94475,139
JPN,2016,2.21045,1
CHE,2016,2.04666,2
DEU,2016,1.92797,3
TWN,2016,1.85452,4
KOR,2016,1.81895,5
SGP,2016,1.69067,6
SWE,2016,1.65096,7
USA,2016,1.61795,8
CZE,2016,1.61703,9
AUT,2016,1.56007,10
FIN,2016,1.51448,11
GBR,2016,1.51131,12
SVN,2016,1.4872,13
HUN,2016,1.44249,14
BEL,2016,1.41073,15
FRA,2016,1.39632,16
IRL,2016,1.36462,17
ITA,2016,1.30622,18
SVK,2016,1.28065,19
ISR,2016,1.24447,20
NLD,2016,1.20031,21
MEX,2016,1.19313,22
POL,2016,1.02918,23
MYS,2016,1.0287,24
DNK,2016,1.01554,25
CAN,2016,0.94743,26
THA,2016,0.91415,27
HKG,2016,0.90283,28
NOR,2016,0.88205,29
ROU,2016,0.8174,30
CHN,2016,0.81436,31
BLR,2016,0.79746,32
SAU,2016,0.79041,33
ESP,2016,0.784,34
LTU,2016,0.77198,35
HRV,2016,0.70795,36
BRA,2016,0.57864,37
SRB,2016,0.56358,38
UKR,2016,0.53711,39
RUS,2016,0.49283,40
NZL,2016,0.43696,41
BIH,2016,0.43647,42
BGR,2016,0.42568,43
IND,2016,0.39267,44
TUR,2016,0.38231,45
PRT,2016,0.37242,46
PHL,2016,0.35642,47
LBN,2016,0.31717,48
ARG,2016,0.28112,49
GRC,2016,0.2579,50
ZAF,2016,0.23675,51
CRI,2016,0.21846,52
ARE,2016,0.18856,53
KWT,2016,0.18824,54
PAN,2016,0.18027,55
URY,2016,0.16569,56
QAT,2016,0.13061,57
COL,2016,0.12165,58
IRN,2016,0.02358,59
GEO,2016,0.01882,60
BEN,2016,0.0,61
NER,2016,0.0,62
SYR,2016,0.0,63
MWI,2016,0.0,64
RWA,2016,0.0,65
JAM,2016,0.0,66
LBR,2016,0.0,67
TJK,2016,0.0,68
AFG,2016,0.0,69
SLE,2016,0.0,70
ARM,2016,-0.02157,71
TUN,2016,-0.04008,72
JOR,2016,-0.05995,73
AUS,2016,-0.06551,74
KGZ,2016,-0.08342,75
KAZ,2016,-0.1003,76
CUB,2016,-0.14384,77
CHL,2016,-0.1557,78
OMN,2016,-0.17387,79
EGY,2016,-0.18309,80
IDN,2016,-0.18606,81
MDA,2016,-0.24286,82
MKD,2016,-0.25094,83
VNM,2016,-0.26344,84
SLV,2016,-0.27325,85
DOM,2016,-0.27586,86
PRK,2016,-0.37035,87
NAM,2016,-0.38818,88
GTM,2016,-0.41879,89
UGA,2016,-0.42438,90
AZE,2016,-0.51038,91
SEN,2016,-0.51368,92
VEN,2016,-0.55887,93
TGO,2016,-0.57135,94
BWA,2016,-0.57535,95
GAB,2016,-0.57708,96
KEN,2016,-0.57884,97
HND,2016,-0.6009,98
PER,2016,-0.644,99
UZB,2016,-0.65595,100
ZMB,2016,-0.66122,101
ALB,2016,-0.68695,102
CMR,2016,-0.72368,103
ZWE,2016,-0.72503,104
PRY,2016,-0.74095,105
YEM,2016,-0.74893,106
LKA,2016,-0.75405,107
MAR,2016,-0.75541,108
IRQ,2016,-0.79952,109
MRT,2016,-0.84358,110
PAK,2016,-0.85783,111
CIV,2016,-0.89889,112
MNG,2016,-0.90796,113
TKM,2016,-0.93528,114
BOL,2016,-0.93802,115
GHA,2016,-0.94537,116
LBY,2016,-0.98314,117
DZA,2016,-0.99449,118
ECU,2016,-1.01324,119
TZA,2016,-1.02111,120
ETH,2016,-1.03529,121
MLI,2016,-1.04465,122
LAO,2016,-1.13279,123
COG,2016,-1.14782,124
KHM,2016,-1.18004,125
MOZ,2016,-1.28043,126
NIC,2016,-1.29035,127
NGA,2016,-1.31231,128
BFA,2016,-1.35407,129
MDG,2016,-1.36056,130
AGO,2016,-1.39772,131
SDN,2016,-1.4084,132
BGD,2016,-1.47341,133
MMR,2016,-1.50402,134
COD,2016,-1.52642,135
GIN,2016,-1.64785,136
TCD,2016,-1.7879,137
PNG,2016,-1.90709,138
SSD,2016,-2.2209,139
JPN,2017,2.20863,1
CHE,2017,2.08593,2
TWN,2017,1.9412,3
DEU,2017,1.92343,4
KOR,2017,1.80889,5
SGP,2017,1.70544,6
SWE,2017,1.62824,7
CZE,2017,1.62036,8
USA,2017,1.58299,9
AUT,2017,1.56119,10
SVN,2017,1.503,11
FIN,2017,1.49797,12
GBR,2017,1.4805,13
HUN,2017,1.41994,14
BEL,2017,1.40195,15
FRA,2017,1.39152,16
IRL,2017,1.35566,17
ITA,2017,1.31029,18
SVK,2017,1.28689,19
ISR,2017,1.24201,20
NLD,2017,1.20232,21
MEX,2017,1.19615,22
POL,2017,1.04775,23
MYS,2017,1.01803,24
DNK,2017,1.00103,25
CAN,2017,0.95007,26
HKG,2017,0.93021,27
ROU,2017,0.90744,28
THA,2017,0.90017,29
CHN,2017,0.86738,30
NOR,2017,0.78001,31
LTU,2017,0.77968,32
ESP,2017,0.77153,33
SAU,2017,0.75992,34
BLR,2017,0.75456,35
HRV,2017,0.69431,36
SRB,2017,0.59285,37
BRA,2017,0.54564,38
UKR,2017,0.50359,39
BIH,2017,0.4887,40
PHL,2017,0.48465,41
IND,2017,0.4606,42
RUS,2017,0.45968,43
TUR,2017,0.4594,44
BGR,2017,0.42971,45
PRT,2017,0.40772,46
NZL,2017,0.36176,47
GRC,2017,0.31115,48
LBN,2017,0.29896,49
URY,2017,0.2173,50
PAN,2017,0.21306,51
ARG,2017,0.20444,52
CRI,2017,0.18908,53
ZAF,2017,0.18205,54
KWT,2017,0.18045,55
COL,2017,0.16735,56
ARE,2017,0.14433,57
TUN,2017,0.00822,58
BEN,2017,0.0,59
NER,2017,0.0,60
SYR,2017,0.0,61
MWI,2017,0.0,62
RWA,2017,0.0,63
JAM,2017,0.0,64
LBR,2017,0.0,65
TJK,2017,0.0,66
AFG,2017,0.0,67
SLE,2017,0.0,68
CUB,2017,-0.00666,69
KGZ,2017,-0.0199,70
IRN,2017,-0.02956,71
GEO,2017,-0.03534,72
QAT,2017,-0.06472,73
JOR,2017,-0.06786,74
SLV,2017,-0.10931,75
EGY,2017,-0.11133,76
KAZ,2017,-0.1544,77
AUS,2017,-0.17248,78
IDN,2017,-0.18096,79
VNM,2017,-0.18465,80
CHL,2017,-0.19637,81
MKD,2017,-0.20319,82
OMN,2017,-0.20706,83
ARM,2017,-0.21822,84
DOM,2017,-0.25854,85
MDA,2017,-0.26505,86
PRK,2017,-0.31707,87
GTM,2017,-0.35885,88
AZE,2017,-0.44757,89
BWA,2017,-0.45168,90
SEN,2017,-0.52088,91
NAM,2017,-0.55162,92
GAB,2017,-0.57208,93
UZB,2017,-0.57254,94
KEN,2017,-0.57997,95
PRY,2017,-0.5836,96
ALB,2017,-0.59506,97
UGA,2017,-0.60146,98
HND,2017,-0.62862,99
LKA,2017,-0.63839,100
PER,2017,-0.66968,101
VEN,2017,-0.70012,102
TGO,2017,-0.7154,103
MAR,2017,-0.7215,104
ZMB,2017,-0.76155,105
ZWE,2017,-0.80138,106
PAK,2017,-0.80477,107
LBY,2017,-0.82893,108
MLI,2017,-0.85521,109
TKM,2017,-0.87004,110
BOL,2017,-0.89127,111
ETH,2017,-0.89525,112
CMR,2017,-0.90803,113
MNG,2017,-0.91992,114
COG,2017,-0.93282,115
IRQ,2017,-0.94748,116
ECU,2017,-0.95664,117
KHM,2017,-0.96731,118
CIV,2017,-0.97316,119
LAO,2017,-1.01198,120
YEM,2017,-1.01456,121
DZA,2017,-1.03448,122
MRT,2017,-1.05499,123
TZA,2017,-1.08923,124
GHA,2017,-1.09787,125
NIC,2017,-1.21558,126
MMR,2017,-1.30332,127
MDG,2017,-1.31171,128
MOZ,2017,-1.31805,129
COD,2017,-1.38117,130
BGD,2017,-1.38384,131
SDN,2017,-1.46547,132
BFA,2017,-1.48997,133
AGO,2017,-1.54166,134
GIN,2017,-1.59925,135
TCD,2017,-1.62404,136
NGA,2017,-1.70872,137
PNG,2017,-1.99632,138
SSD,2017,-2.1596,139
JPN,2018,2.20582,1
CHE,2018,2.03973,2
TWN,2018,1.94864,3
DEU,2018,1.89428,4
KOR,2018,1.84762,5
SGP,2018,1.78183,6
CZE,2018,1.61445,7
SWE,2018,1.59608,8
USA,2018,1.56173,9
AUT,2018,1.52312,10
FIN,2018,1.48502,11
SVN,2018,1.46839,12
GBR,2018,1.46399,13
HUN,2018,1.4238,14
FRA,2018,1.38539,15
BEL,2018,1.35488,16
SVK,2018,1.30657,17
ITA,2018,1.30227,18
IRL,2018,1.25874,19
ISR,2018,1.18621,20
MEX,2018,1.16658,21
NLD,2018,1.14848,22
POL,2018,1.05815,23
MYS,2018,1.02134,24
HKG,2018,0.97799,25
DNK,2018,0.96885,26
ROU,2018,0.96033,27
THA,2018,0.94187,28
CAN,2018,0.93824,29
CHN,2018,0.91603,30
LTU,2018,0.86036,31
SAU,2018,0.8331,32
BLR,2018,0.7845,33
ESP,2018,0.77927,34
HRV,2018,0.70378,35
NOR,2018,0.68758,36
SRB,2018,0.65793,37
PHL,2018,0.60857,38
BRA,2018,0.53655,39
BIH,2018,0.5344,40
UKR,2018,0.53257,41
TUR,2018,0.51468,42
RUS,2018,0.49438,43
IND,2018,0.47954,44
PRT,2018,0.44635,45
BGR,2018,0.43765,46
NZL,2018,0.37294,47
LBN,2018,0.27812,48
GRC,2018,0.26626,49
CRI,2018,0.17965,50
COL,2018,0.17655,51
PAN,2018,0.17096,52
KWT,2018,0.1636,53
ZAF,2018,0.14069,54
ARG,2018,0.1386,55
ARE,2018,0.1056,56
URY,2018,0.08526,57
TUN,2018,0.06142,58
CUB,2018,0.00605,59
BEN,2018,0.0,60
NER,2018,0.0,61
SYR,2018,0.0,62
MWI,2018,0.0,63
RWA,2018,0.0,64
LBR,2018,0.0,65
TJK,2018,0.0,66
AFG,2018,0.0,67
SLE,2018,0.0,68
GEO,2018,-0.00595,69
IRN,2018,-0.0426,70
JOR,2018,-0.04275,71
KGZ,2018,-0.0847,72
VNM,2018,-0.08735,73
MKD,2018,-0.08784,74
SLV,2018,-0.08812,75
QAT,2018,-0.09526,76
IDN,2018,-0.11197,77
EGY,2018,-0.11977,78
PRK,2018,-0.12779,79
CHL,2018,-0.1572,80
AUS,2018,-0.17819,81
MDA,2018,-0.18306,82
KAZ,2018,-0.2077,83
DOM,2018,-0.22001,84
JAM,2018,-0.27447,85
OMN,2018,-0.30301,86
ARM,2018,-0.31192,87
GTM,2018,-0.37036,88
BWA,2018,-0.42585,89
ALB,2018,-0.45749,90
KEN,2018,-0.47131,91
UZB,2018,-0.5024,92
HND,2018,-0.53613,93
PRY,2018,-0.54626,94
TZA,2018,-0.55596,95
SEN,2018,-0.56154,96
GAB,2018,-0.56581,97
NAM,2018,-0.59932,98
AZE,2018,-0.60117,99
LKA,2018,-0.61685,100
PER,2018,-0.61996,101
MAR,2018,-0.65673,102
ETH,2018,-0.68734,103
UGA,2018,-0.70106,104
VEN,2018,-0.70588,105
PAK,2018,-0.74313,106
TGO,2018,-0.7606,107
MLI,2018,-0.78886,108
ZWE,2018,-0.79295,109
ZMB,2018,-0.80067,110
TKM,2018,-0.81521,111
IRQ,2018,-0.8168,112
ECU,2018,-0.82764,113
COG,2018,-0.90346,114
KHM,2018,-0.94529,115
MNG,2018,-0.95248,116
BOL,2018,-0.9578,117
LAO,2018,-0.97388,118
CIV,2018,-1.00528,119
DZA,2018,-1.04134,120
CMR,2018,-1.09356,121
MMR,2018,-1.14977,122
NIC,2018,-1.15781,123
MRT,2018,-1.23179,124
BGD,2018,-1.23992,125
LBY,2018,-1.28217,126
GHA,2018,-1.28652,127
MOZ,2018,-1.28857,128
MDG,2018,-1.28876,129
YEM,2018,-1.32457,130
SDN,2018,-1.3893,131
COD,2018,-1.43194,132
BFA,2018,-1.50397,133
AGO,2018,-1.57135,134
GIN,2018,-1.70317,135
NGA,2018,-1.78995,136
TCD,2018,-1.87826,137
PNG,2018,-1.99394,138
SSD,2018,-2.14153,139
JPN,2019,2.23267,1
CHE,2019,2.02976,2
TWN,2019,1.99924,3
DEU,2019,1.91388,4
KOR,2019,1.88617,5
SGP,2019,1.71269,6
CZE,2019,1.64201,7
SWE,2019,1.59599,8
AUT,2019,1.56728,9
USA,2019,1.565,10
FIN,2019,1.49029,11
SVN,2019,1.47695,12
GBR,2019,1.45777,13
HUN,2019,1.42466,14
FRA,2019,1.36605,15
SVK,2019,1.35387,16
BEL,2019,1.34551,17
ITA,2019,1.33147,18
IRL,2019,1.27429,19
ISR,2019,1.17564,20
MEX,2019,1.14714,21
NLD,2019,1.11958,22
POL,2019,1.0458,23
HKG,2019,1.02355,24
ROU,2019,1.02257,25
MYS,2019,1.01416,26
DNK,2019,0.98686,27
CHN,2019,0.9604,28
CAN,2019,0.95015,29
THA,2019,0.92722,30
LTU,2019,0.90286,31
SAU,2019,0.86984,32
BLR,2019,0.7753,33
ESP,2019,0.77377,34
HRV,2019,0.7626,35
NOR,2019,0.66692,36
SRB,2019,0.66574,37
BIH,2019,0.57635,38
TUR,2019,0.57026,39
PHL,2019,0.55154,40
IND,2019,0.51542,41
RUS,2019,0.50633,42
UKR,2019,0.50375,43
BGR,2019,0.48032,44
PRT,2019,0.45372,45
BRA,2019,0.44623,46
NZL,2019,0.38874,47
GRC,2019,0.2704,48
LBN,2019,0.24466,49
CRI,2019,0.19712,50
ARE,2019,0.18698,51
ZAF,2019,0.15528,52
COL,2019,0.15155,53
ARG,2019,0.14685,54
PAN,2019,0.1444,55
TUN,2019,0.09234,56
GEO,2019,0.04878,57
MKD,2019,0.03533,58
TCD,2019,0.0,59
BEN,2019,0.0,60
NER,2019,0.0,61
SYR,2019,0.0,62
MWI,2019,0.0,63
RWA,2019,0.0,64
LBR,2019,0.0,65
TJK,2019,0.0,66
PRK,2019,0.0,67
SLE,2019,0.0,68
URY,2019,-0.04222,69
KWT,2019,-0.04417,70
JOR,2019,-0.04841,71
VNM,2019,-0.0639,72
SLV,2019,-0.07881,73
IDN,2019,-0.08727,74
IRN,2019,-0.09043,75
DOM,2019,-0.1447,76
EGY,2019,-0.14923,77
QAT,2019,-0.1602,78
MDA,2019,-0.18729,79
KGZ,2019,-0.22034,80
CHL,2019,-0.22945,81
AUS,2019,-0.2803,82
CUB,2019,-0.28316,83
KAZ,2019,-0.28346,84
OMN,2019,-0.32295,85
GTM,2019,-0.34099,86
JAM,2019,-0.34435,87
ARM,2019,-0.36047,88
ALB,2019,-0.3837,89
BWA,2019,-0.41668,90
KEN,2019,-0.49985,91
IRQ,2019,-0.50111,92
UZB,2019,-0.52353,93
LKA,2019,-0.52455,94
AZE,2019,-0.5332,95
MAR,2019,-0.54336,96
PRY,2019,-0.55856,97
HND,2019,-0.57281,98
TZA,2019,-0.62484,99
PER,2019,-0.63159,100
GAB,2019,-0.64212,101
SEN,2019,-0.69771,102
NAM,2019,-0.70327,103
PAK,2019,-0.72528,104
ZMB,2019,-0.78413,105
ETH,2019,-0.80889,106
UGA,2019,-0.82661,107
TKM,2019,-0.84423,108
ZWE,2019,-0.84787,109
MLI,2019,-0.86657,110
TGO,2019,-0.89107,111
KHM,2019,-0.9177,112
VEN,2019,-0.92582,113
ECU,2019,-0.93983,114
LAO,2019,-0.97955,115
BOL,2019,-1.01037,116
COG,2019,-1.03043,117
DZA,2019,-1.06335,118
NIC,2019,-1.07442,119
MNG,2019,-1.08881,120
CIV,2019,-1.10211,121
CMR,2019,-1.10666,122
AFG,2019,-1.1292,123
BGD,2019,-1.14068,124
MMR,2019,-1.1451,125
MOZ,2019,-1.19482,126
MDG,2019,-1.26989,127
MRT,2019,-1.27038,128
GHA,2019,-1.32663,129
YEM,2019,-1.33551,130
COD,2019,-1.39168,131
PNG,2019,-1.40026,132
SDN,2019,-1.46724,133
LBY,2019,-1.47206,134
BFA,2019,-1.47933,135
AGO,2019,-1.62286,136
GIN,2019,-1.64464,137
NGA,2019,-1.64718,138
SSD,2019,-2.23185,139
JPN,2020,2.20924,1
CHE,2020,2.00326,2
TWN,2020,1.98854,3
KOR,2020,1.89708,4
DEU,2020,1.89483,5
SGP,2020,1.78656,6
SWE,2020,1.60206,7
CZE,2020,1.59876,8
AUT,2020,1.54304,9
USA,2020,1.54198,10
FIN,2020,1.50161,11
SVN,2020,1.47633,12
GBR,2020,1.43483,13
HUN,2020,1.42,14
FRA,2020,1.3631,15
BEL,2020,1.35596,16
SVK,2020,1.33887,17
IRL,2020,1.32754,18
ITA,2020,1.3208,19
ISR,2020,1.17759,20
MEX,2020,1.13454,21
NLD,2020,1.12093,22
HKG,2020,1.111,23
POL,2020,1.049,24
ROU,2020,1.04313,25
MYS,2020,1.03003,26
CHN,2020,0.99361,27
DNK,2020,0.98326,28
CAN,2020,0.91887,29
SAU,2020,0.91741,30
LTU,2020,0.90769,31
THA,2020,0.90129,32
BLR,2020,0.79929,33
ESP,2020,0.77907,34
HRV,2020,0.76305,35
NOR,2020,0.69768,36
SRB,2020,0.69638,37
TUR,2020,0.60164,38
IND,2020,0.59156,39
PHL,2020,0.5842,40
BGR,2020,0.5346,41
BIH,2020,0.53334,42
UKR,2020,0.51831,43
PRT,2020,0.49004,44
RUS,2020,0.48111,45
BRA,2020,0.46899,46
NZL,2020,0.44282,47
GRC,2020,0.27548,48
LBN,2020,0.27134,49
PAN,2020,0.20072,50
CRI,2020,0.18872,51
COL,2020,0.18176,52
ARE,2020,0.15828,53
ARG,2020,0.09586,54
TUN,2020,0.09329,55
ZAF,2020,0.08487,56
MKD,2020,0.04473,57
URY,2020,0.00421,58
CUB,2020,0.0,59
BEN,2020,0.0,60
SYR,2020,0.0,61
MWI,2020,0.0,62
RWA,2020,0.0,63
LBR,2020,0.0,64
TJK,2020,0.0,65
PRK,2020,0.0,66
SSD,2020,0.0,67
SLE,2020,0.0,68
GEO,2020,-0.02223,69
VNM,2020,-0.02512,70
KWT,2020,-0.03161,71
QAT,2020,-0.0572,72
JOR,2020,-0.06125,73
IDN,2020,-0.06323,74
IRN,2020,-0.07381,75
MDA,2020,-0.12566,76
SLV,2020,-0.13641,77
DOM,2020,-0.15362,78
EGY,2020,-0.16242,79
OMN,2020,-0.20649,80
CHL,2020,-0.2226,81
KGZ,2020,-0.23247,82
KAZ,2020,-0.26604,83
ARM,2020,-0.28792,84
ALB,2020,-0.32409,85
AUS,2020,-0.33421,86
GTM,2020,-0.37255,87
JAM,2020,-0.40389,88
PRY,2020,-0.4307,89
AZE,2020,-0.47732,90
LKA,2020,-0.48184,91
KEN,2020,-0.48924,92
MAR,2020,-0.49935,93
UZB,2020,-0.54223,94
BWA,2020,-0.5754,95
HND,2020,-0.60221,96
TKM,2020,-0.61933,97
TZA,2020,-0.64105,98
PAK,2020,-0.68317,99
GAB,2020,-0.69436,100
PER,2020,-0.69558,101
IRQ,2020,-0.69648,102
ZMB,2020,-0.69827,103
SEN,2020,-0.70367,104
NAM,2020,-0.70845,105
NER,2020,-0.77407,106
TGO,2020,-0.85732,107
ETH,2020,-0.88105,108
ZWE,2020,-0.88842,109
KHM,2020,-0.94064,110
LAO,2020,-0.96673,111
ECU,2020,-0.97337,112
UGA,2020,-0.98926,113
BOL,2020,-1.01849,114
CIV,2020,-1.02214,115
COG,2020,-1.05196,116
NIC,2020,-1.06539,117
MLI,2020,-1.11118,118
MMR,2020,-1.12859,119
BGD,2020,-1.13039,120
VEN,2020,-1.15092,121
CMR,2020,-1.16413,122
MOZ,2020,-1.18877,123
AFG,2020,-1.19961,124
MNG,2020,-1.20988,125
MDG,2020,-1.21036,126
YEM,2020,-1.21525,127
GHA,2020,-1.27389,128
DZA,2020,-1.30136,129
SDN,2020,-1.32688,130
MRT,2020,-1.34481,131
COD,2020,-1.38681,132
AGO,2020,-1.41243,133
LBY,2020,-1.44241,134
PNG,2020,-1.46452,135
TCD,2020,-1.5785,136
GIN,2020,-1.6069,137
NGA,2020,-1.68416,138
BFA,2020,-1.71198,139
JPN,2021,2.09286,1
TWN,2021,1.96241,2
CHE,2021,1.94908,3
KOR,2021,1.86311,4
DEU,2021,1.82629,5
SGP,2021,1.7157,6
CZE,2021,1.60056,7
SWE,2021,1.54698,8
AUT,2021,1.50562,9
USA,2021,1.47721,10
SVN,2021,1.45488,11
GBR,2021,1.43347,12
FIN,2021,1.42181,13
HUN,2021,1.36899,14
FRA,2021,1.34725,15
SVK,2021,1.33172,16
BEL,2021,1.29661,17
ITA,2021,1.29194,18
IRL,2021,1.28009,19
ISR,2021,1.2064,20
HKG,2021,1.16627,21
MEX,2021,1.10641,22
NLD,2021,1.10037,23
MYS,2021,1.09264,24
CHN,2021,1.08848,25
ROU,2021,1.08661,26
POL,2021,1.02036,27
DNK,2021,1.00656,28
THA,2021,0.95504,29
LTU,2021,0.91698,30
CAN,2021,0.91077,31
SAU,2021,0.8624,32
BLR,2021,0.84255,33
HRV,2021,0.79925,34
ESP,2021,0.78504,35
SRB,2021,0.74474,36
PHL,2021,0.70468,37
BIH,2021,0.66285,38
NOR,2021,0.65333,39
BGR,2021,0.64317,40
TUR,2021,0.61144,41
IND,2021,0.60321,42
PRT,2021,0.55996,43
UKR,2021,0.48595,44
RUS,2021,0.4506,45
NZL,2021,0.4117,46
LBN,2021,0.35364,47
GRC,2021,0.34392,48
BRA,2021,0.3297,49
PAN,2021,0.30032,50
CRI,2021,0.23332,51
TUN,2021,0.21861,52
MKD,2021,0.20578,53
KWT,2021,0.19624,54
ARE,2021,0.15927,55
COL,2021,0.13657,56
ZAF,2021,0.11125,57
VNM,2021,0.10846,58
IRN,2021,0.06276,59
URY,2021,0.04943,60
IDN,2021,0.0358,61
ARG,2021,0.02399,62
GEO,2021,0.01539,63
JOR,2021,0.01155,64
CUB,2021,0.0,65
SYR,2021,0.0,66
MWI,2021,0.0,67
RWA,2021,0.0,68
LBR,2021,0.0,69
PRK,2021,0.0,70
SSD,2021,0.0,71
SLE,2021,0.0,72
MDA,2021,-0.0189,73
DOM,2021,-0.02589,74
SLV,2021,-0.06647,75
EGY,2021,-0.10337,76
KGZ,2021,-0.11665,77
ARM,2021,-0.1429,78
ALB,2021,-0.18043,79
QAT,2021,-0.19889,80
GTM,2021,-0.24778,81
OMN,2021,-0.25169,82
CHL,2021,-0.25733,83
MAR,2021,-0.29567,84
JAM,2021,-0.29589,85
KAZ,2021,-0.30651,86
UZB,2021,-0.3861,87
PRY,2021,-0.40608,88
LKA,2021,-0.40996,89
AUS,2021,-0.43118,90
AZE,2021,-0.45049,91
KEN,2021,-0.47961,92
HND,2021,-0.53313,93
TKM,2021,-0.53446,94
PAK,2021,-0.56994,95
SEN,2021,-0.6339,96
KHM,2021,-0.65065,97
PER,2021,-0.67127,98
TJK,2021,-0.67723,99
BEN,2021,-0.69575,100
BWA,2021,-0.71648,101
LAO,2021,-0.72132,102
NAM,2021,-0.73519,103
ZMB,2021,-0.76808,104
GAB,2021,-0.79108,105
NER,2021,-0.79766,106
ZWE,2021,-0.82885,107
ETH,2021,-0.83238,108
MMR,2021,-0.84749,109
BGD,2021,-0.85127,110
DZA,2021,-0.91368,111
UGA,2021,-0.91879,112
ECU,2021,-0.93777,113
TGO,2021,-0.94178,114
BOL,2021,-1.01512,115
COG,2021,-1.04018,116
NIC,2021,-1.07286,117
VEN,2021,-1.07403,118
IRQ,2021,-1.08466,119
CIV,2021,-1.10943,120
MDG,2021,-1.1097,121
CMR,2021,-1.13032,122
TZA,2021,-1.14507,123
AFG,2021,-1.19754,124
MNG,2021,-1.21133,125
YEM,2021,-1.2304,126
LBY,2021,-1.24073,127
AGO,2021,-1.29538,128
MOZ,2021,-1.30895,129
GHA,2021,-1.32158,130
SDN,2021,-1.37063,131
MRT,2021,-1.37518,132
PNG,2021,-1.51189,133
MLI,2021,-1.57965,134
NGA,2021,-1.60436,135
COD,2021,-1.78243,136
BFA,2021,-1.86633,137
GIN,2021,-1.87078,138
TCD,2021,-1.95194,139